Date,Close,Open,High,Low,Volume,Change
2016-01-04,1918.76,1954.47,1954.52,1918.76,359020000.0,-0.0217
2016-01-05,1930.53,1911.93,1937.57,1911.93,446550000.0,0.0060999999999999995
2016-01-06,1925.43,1934.25,1934.25,1911.61,594610000.0,-0.0026
2016-01-07,1904.33,1915.71,1926.41,1901.24,393040000.0,-0.011000000000000001
2016-01-08,1917.62,1889.42,1918.25,1883.82,430200000.0,0.006999999999999999
2016-01-11,1894.84,1897.18,1907.43,1892.69,328770000.0,-0.011899999999999999
2016-01-12,1890.86,1907.61,1910.59,1888.94,295140000.0,-0.0021
2016-01-13,1916.28,1904.33,1921.0,1902.49,265220000.00000003,0.0134
2016-01-14,1900.01,1893.18,1900.48,1882.02,310980000.0,-0.0085
2016-01-15,1878.87,1915.83,1918.3,1873.35,312360000.0,-0.0111
2016-01-18,1878.45,1856.03,1882.21,1854.55,276940000.0,-0.0002
2016-01-19,1889.64,1879.8,1889.9,1866.76,335320000.0,0.006
2016-01-20,1845.45,1885.36,1885.36,1830.06,407300000.0,-0.023399999999999997
2016-01-21,1840.53,1848.1,1860.02,1838.04,433740000.0,-0.0027
2016-01-22,1879.43,1860.3,1879.43,1859.54,408460000.0,0.021099999999999997
2016-01-25,1893.43,1890.15,1901.22,1882.74,315300000.0,0.0074
2016-01-26,1871.69,1881.87,1884.13,1862.98,298820000.0,-0.0115
2016-01-27,1897.87,1888.07,1902.03,1883.39,348900000.0,0.013999999999999999
2016-01-28,1906.94,1885.38,1907.56,1877.78,354310000.0,0.0048
2016-01-29,1912.06,1905.01,1912.07,1888.48,386560000.0,0.0027
2016-02-01,1924.82,1919.62,1926.11,1912.85,440320000.0,0.0067
2016-02-02,1906.6,1914.96,1920.02,1906.06,412270000.0,-0.0095
2016-02-03,1890.67,1893.83,1894.72,1882.75,408600000.0,-0.0084
2016-02-04,1916.26,1900.48,1917.09,1897.18,365800000.0,0.013500000000000002
2016-02-05,1917.79,1914.55,1921.76,1910.31,305770000.0,0.0008
2016-02-11,1861.54,1872.68,1877.77,1858.9,386430000.0,-0.029300000000000003
2016-02-12,1835.28,1850.67,1857.12,1817.97,470500000.0,-0.0141
2016-02-15,1862.2,1857.33,1864.62,1847.6,284600000.0,0.0147
2016-02-16,1888.3,1870.1,1892.15,1868.11,388320000.0,0.013999999999999999
2016-02-17,1883.94,1889.41,1897.37,1881.03,344630000.0,-0.0023
2016-02-18,1908.84,1909.4,1910.12,1898.49,332580000.0,0.0132
2016-02-19,1916.24,1904.5,1916.24,1902.24,312200000.0,0.0039000000000000003
2016-02-22,1916.36,1911.56,1921.14,1905.85,267860000.0,0.0001
2016-02-23,1914.22,1928.85,1929.53,1909.79,326810000.0,-0.0011
2016-02-24,1912.53,1908.71,1918.63,1906.19,281600000.0,-0.0009
2016-02-25,1918.57,1919.08,1928.49,1906.99,305790000.0,0.0032
2016-02-26,1920.16,1927.1,1927.8,1917.07,280220000.0,0.0008
2016-02-29,1916.66,1921.76,1927.05,1916.66,275050000.0,-0.0018
2016-03-02,1947.42,1944.27,1949.94,1942.24,323350000.0,0.016
2016-03-03,1958.17,1957.83,1958.17,1946.57,420980000.0,0.0055000000000000005
2016-03-04,1955.63,1956.01,1958.46,1949.47,316420000.0,-0.0013
2016-03-07,1957.87,1961.26,1963.43,1955.97,344610000.0,0.0011
2016-03-08,1946.12,1958.94,1958.94,1935.55,358680000.0,-0.006
2016-03-09,1952.95,1940.55,1952.95,1938.32,355390000.0,0.0034999999999999996
2016-03-10,1969.33,1958.87,1976.19,1955.67,352320000.0,0.0084
2016-03-11,1971.41,1968.3,1975.87,1966.65,303420000.0,0.0011
2016-03-14,1972.27,1985.74,1985.9,1970.56,357080000.0,0.0004
2016-03-15,1969.97,1975.61,1979.46,1966.44,264579999.99999997,-0.0012
2016-03-16,1974.9,1971.58,1982.08,1969.66,294460000.0,0.0025
2016-03-17,1987.99,1984.69,2000.3,1984.33,291580000.0,0.0066
2016-03-18,1992.12,1996.31,1996.31,1986.04,385850000.0,0.0021
2016-03-21,1989.76,1999.25,2003.12,1982.7,323260000.0,-0.0012
2016-03-22,1996.81,1993.37,1997.76,1986.87,383750000.0,0.0034999999999999996
2016-03-23,1995.12,1996.47,2001.67,1989.84,367550000.0,-0.0008
2016-03-24,1985.97,1988.46,1992.76,1981.17,341170000.0,-0.0046
2016-03-25,1983.81,1991.06,1991.06,1981.53,463420000.0,-0.0011
2016-03-28,1982.54,1984.93,1992.46,1981.37,410470000.0,-0.0006
2016-03-29,1994.91,1986.93,1997.33,1984.07,385450000.0,0.0062
2016-03-30,2002.14,2005.24,2009.1,1998.51,368300000.0,0.0036
2016-03-31,1995.85,2005.72,2007.43,1986.74,335070000.0,-0.0031
2016-04-01,1973.57,1994.77,1994.77,1970.17,392260000.0,-0.011200000000000002
2016-04-04,1978.97,1974.73,1979.03,1969.35,363320000.0,0.0027
2016-04-05,1962.74,1972.38,1973.17,1959.26,368160000.0,-0.008199999999999999
2016-04-06,1971.32,1963.17,1975.09,1961.51,358030000.0,0.0044
2016-04-07,1973.89,1978.75,1980.43,1964.99,434060000.0,0.0013
2016-04-08,1972.05,1961.29,1972.12,1954.11,400620000.0,-0.0009
2016-04-11,1970.37,1972.25,1973.9,1963.21,379540000.0,-0.0009
2016-04-12,1981.32,1970.5,1981.73,1968.5,387320000.0,0.005600000000000001
2016-04-14,2015.93,2004.15,2016.03,2000.83,473520000.0,0.0175
2016-04-15,2014.71,2013.38,2016.95,2008.68,317710000.0,-0.0006
2016-04-18,2009.1,2001.35,2009.55,1998.49,339250000.0,-0.0028000000000000004
2016-04-19,2011.36,2015.1,2020.29,2007.68,401240000.0,0.0011
2016-04-20,2005.83,2017.05,2023.77,2005.82,423960000.0,-0.0027
2016-04-21,2022.1,2014.6,2022.1,2009.45,392100000.0,0.008100000000000001
2016-04-22,2015.49,2014.93,2017.9,2010.94,480470000.0,-0.0033
2016-04-25,2014.55,2016.05,2016.65,2007.18,397680000.0,-0.0005
2016-04-26,2019.63,2013.26,2021.59,2011.85,509280000.0,0.0025
2016-04-27,2015.4,2019.31,2019.86,2012.75,412800000.0,-0.0021
2016-04-28,2000.93,2020.83,2022.99,1998.6,341140000.0,-0.0072
2016-04-29,1994.15,1998.68,1999.34,1983.3,401060000.0,-0.0034000000000000002
2016-05-02,1978.15,1991.84,1991.84,1977.03,328200000.0,-0.008
2016-05-03,1986.41,1988.34,1989.41,1979.66,310490000.0,0.0042
2016-05-04,1976.71,1978.24,1982.38,1969.22,352700000.0,-0.0049
2016-05-09,1967.81,1974.52,1976.14,1962.92,342190000.0,-0.0045000000000000005
2016-05-10,1982.5,1965.86,1982.5,1964.9,369080000.0,0.0075
2016-05-11,1980.1,1989.17,1989.17,1970.48,398530000.0,-0.0012
2016-05-12,1977.49,1973.28,1981.49,1970.54,462880000.0,-0.0013
2016-05-13,1966.99,1979.97,1980.45,1962.77,509120000.0,-0.0053
2016-05-16,1967.91,1961.91,1970.53,1961.32,526720000.0,0.0005
2016-05-17,1968.06,1973.86,1975.1,1962.57,597580000.0,0.0001
2016-05-18,1956.73,1962.78,1964.34,1945.56,696270000.0,-0.0058
2016-05-19,1946.78,1953.91,1954.29,1942.48,505920000.0,-0.0051
2016-05-20,1947.67,1943.84,1951.5,1940.36,388050000.0,0.0005
2016-05-23,1955.25,1954.26,1956.77,1940.44,399510000.0,0.0039000000000000003
2016-05-24,1937.68,1951.18,1951.39,1937.67,517080000.00000006,-0.009000000000000001
2016-05-25,1960.51,1953.63,1964.91,1951.17,656870000.0,0.0118
2016-05-26,1957.06,1965.81,1967.45,1955.97,558260000.0,-0.0018
2016-05-27,1969.17,1962.33,1971.27,1959.75,523530000.0,0.0062
2016-05-30,1967.13,1969.72,1970.54,1955.49,550500000.0,-0.001
2016-05-31,1983.4,1962.47,1984.18,1958.16,657040000.0,0.0083
2016-06-01,1982.72,1976.87,1986.76,1975.82,502290000.0,-0.0003
2016-06-02,1985.11,1983.86,1988.0,1978.82,474230000.0,0.0012
2016-06-03,1985.84,1991.58,1991.58,1979.66,540860000.0,0.0004
2016-06-07,2011.63,1993.08,2011.67,1992.77,481350000.0,0.013000000000000001
2016-06-08,2027.08,2013.72,2027.09,2008.59,497940000.0,0.0077
2016-06-09,2024.17,2028.02,2035.27,2012.14,599680000.0,-0.0014000000000000002
2016-06-10,2017.63,2022.77,2022.77,2014.15,404300000.0,-0.0032
2016-06-13,1979.06,2001.03,2001.79,1976.69,443000000.0,-0.0191
2016-06-14,1972.03,1976.8,1982.32,1965.34,439940000.0,-0.0036
2016-06-15,1968.83,1972.0,1975.87,1960.97,376770000.0,-0.0016
2016-06-16,1951.99,1971.53,1974.01,1944.8,438790000.0,-0.0086
2016-06-17,1953.4,1966.23,1970.54,1949.6,485270000.0,0.0007000000000000001
2016-06-20,1981.12,1974.43,1984.07,1969.56,391340000.0,0.014199999999999999
2016-06-21,1982.7,1977.8,1983.87,1971.99,557440000.0,0.0008
2016-06-22,1992.58,1981.78,1994.76,1979.37,407440000.0,0.005
2016-06-23,1986.71,1989.42,1990.71,1980.14,455390000.0,-0.0029
2016-06-24,1925.24,2001.55,2001.55,1892.75,750550000.0,-0.030899999999999997
2016-06-27,1926.85,1901.85,1926.87,1900.83,394270000.0,0.0008
2016-06-28,1936.22,1907.71,1937.99,1907.49,373460000.0,0.0049
2016-06-29,1956.36,1946.31,1966.21,1941.9,451190000.0,0.0104
2016-06-30,1970.35,1971.54,1972.81,1959.28,349860000.0,0.0072
2016-07-01,1987.32,1977.36,1993.98,1975.89,448130000.0,0.0086
2016-07-04,1995.3,1989.44,1997.37,1985.11,468610000.0,0.004
2016-07-05,1989.85,1995.69,1996.77,1985.94,405490000.0,-0.0027
2016-07-06,1953.12,1980.11,1982.8,1944.33,457440000.0,-0.018500000000000003
2016-07-07,1974.08,1963.3,1976.49,1959.83,378760000.0,0.010700000000000001
2016-07-08,1963.1,1972.28,1979.75,1956.91,356530000.0,-0.005600000000000001
2016-07-11,1988.54,1979.36,1990.95,1977.81,337760000.0,0.013000000000000001
2016-07-12,1991.23,1991.13,1998.03,1986.45,432650000.0,0.0014000000000000002
2016-07-13,2005.55,2007.65,2013.6,1995.84,357640000.0,0.0072
2016-07-14,2008.77,2004.12,2009.67,1997.94,340230000.0,0.0016
2016-07-15,2017.26,2015.37,2022.34,2011.1,477810000.0,0.0042
2016-07-18,2021.11,2018.22,2022.11,2012.3,380090000.0,0.0019
2016-07-19,2016.89,2022.8,2023.22,2010.27,380800000.0,-0.0021
2016-07-20,2015.46,2013.4,2015.47,2003.87,316340000.0,-0.0007000000000000001
2016-07-21,2012.22,2019.36,2020.55,2007.59,391050000.0,-0.0016
2016-07-22,2010.34,2005.37,2014.44,2002.66,320950000.0,-0.0009
2016-07-25,2012.32,2014.74,2020.69,2006.63,350230000.0,0.001
2016-07-26,2027.34,2009.4,2027.34,2008.25,338610000.0,0.0075
2016-07-27,2025.05,2027.07,2030.69,2021.15,411660000.0,-0.0011
2016-07-28,2021.1,2029.07,2029.38,2014.36,350880000.0,-0.002
2016-07-29,2016.19,2023.24,2028.99,2016.19,366380000.0,-0.0024
2016-08-01,2029.61,2024.71,2031.58,2024.57,369590000.0,0.0067
2016-08-02,2019.03,2023.55,2026.1,2017.59,409940000.0,-0.0052
2016-08-03,1994.79,2008.68,2008.68,1993.0,485850000.0,-0.012
2016-08-04,2000.03,2006.08,2006.48,1994.73,326510000.0,0.0026
2016-08-05,2017.94,2006.23,2018.16,2004.37,289290000.0,0.009000000000000001
2016-08-08,2031.12,2025.55,2031.14,2018.81,270480000.0,0.006500000000000001
2016-08-09,2043.78,2033.52,2046.03,2032.18,436720000.0,0.0062
2016-08-10,2044.64,2043.03,2049.36,2039.86,331090000.0,0.0004
2016-08-11,2048.8,2042.64,2048.8,2035.25,346080000.0,0.002
2016-08-12,2050.47,2053.82,2060.84,2046.15,376490000.0,0.0008
2016-08-16,2047.76,2056.0,2063.09,2047.73,374870000.0,-0.0013
2016-08-17,2043.75,2045.37,2048.29,2032.53,391720000.0,-0.002
2016-08-18,2055.47,2048.15,2056.09,2041.9,353080000.0,0.005699999999999999
2016-08-19,2056.24,2057.9,2059.3,2049.52,392320000.0,0.0004
2016-08-22,2042.16,2054.37,2054.71,2040.51,343500000.0,-0.0068000000000000005
2016-08-23,2049.93,2044.27,2051.43,2041.86,360410000.0,0.0038
2016-08-24,2043.76,2050.82,2052.74,2039.53,285180000.0,-0.003
2016-08-25,2042.92,2041.58,2046.0,2035.01,277430000.0,-0.0004
2016-08-26,2037.5,2036.74,2039.91,2027.68,288180000.0,-0.0027
2016-08-29,2032.35,2028.64,2034.63,2024.93,316970000.0,-0.0025
2016-08-30,2039.74,2038.6,2049.99,2036.76,378560000.0,0.0036
2016-08-31,2034.65,2038.58,2041.17,2027.24,400950000.0,-0.0025
2016-09-01,2032.72,2022.96,2032.72,2016.47,300510000.0,-0.0009
2016-09-02,2038.31,2033.92,2039.18,2030.17,342630000.0,0.0028000000000000004
2016-09-05,2060.08,2049.19,2061.0,2047.49,572970000.0,0.010700000000000001
2016-09-06,2066.53,2058.21,2067.77,2057.26,462550000.0,0.0031
2016-09-07,2061.88,2068.81,2073.89,2061.88,687160000.0,-0.0023
2016-09-08,2063.73,2064.96,2070.66,2053.2,656650000.0,0.0009
2016-09-09,2037.87,2048.94,2049.3,2029.46,392680000.0,-0.0125
2016-09-12,1991.48,2003.67,2011.04,1991.47,422880000.0,-0.022799999999999997
2016-09-13,1999.36,2011.93,2013.03,1997.58,437420000.0,0.004
2016-09-19,2015.78,1997.43,2019.45,1997.1,434440000.0,0.008199999999999999
2016-09-20,2025.71,2014.5,2026.56,2010.25,362340000.0,0.0049
2016-09-21,2035.99,2022.81,2035.99,2021.78,525100000.0,0.0051
2016-09-22,2049.7,2050.31,2060.26,2048.8,447590000.0,0.0067
2016-09-23,2054.07,2053.22,2057.35,2048.96,494110000.0,0.0021
2016-09-26,2047.11,2052.76,2060.71,2042.7,359620000.0,-0.0034000000000000002
2016-09-27,2062.82,2037.32,2064.89,2031.13,664040000.0,0.0077
2016-09-28,2053.06,2062.57,2062.98,2051.68,546450000.0,-0.004699999999999999
2016-09-29,2068.72,2063.74,2072.09,2063.74,416170000.0,0.0076
2016-09-30,2043.63,2054.25,2056.33,2042.77,326390000.0,-0.0121
2016-10-04,2054.86,2056.94,2059.25,2050.46,318850000.0,0.0055000000000000005
2016-10-05,2053.0,2043.37,2056.01,2036.87,292340000.0,-0.0009
2016-10-06,2065.3,2069.3,2070.43,2055.83,337710000.0,0.006
2016-10-07,2053.8,2065.95,2067.49,2051.6,422450000.0,-0.005600000000000001
2016-10-10,2056.82,2047.19,2058.73,2039.99,314900000.0,0.0015
2016-10-11,2031.93,2053.29,2060.78,2030.51,343220000.0,-0.0121
2016-10-12,2033.73,2022.97,2037.02,2022.39,297370000.0,0.0009
2016-10-13,2015.44,2033.99,2035.93,2014.89,440260000.0,-0.009000000000000001
2016-10-14,2022.66,2021.66,2028.76,2021.11,458900000.0,0.0036
2016-10-17,2027.61,2028.93,2033.56,2011.81,333400000.0,0.0024
2016-10-18,2040.43,2027.81,2040.72,2026.47,305930000.0,0.0063
2016-10-19,2040.94,2036.18,2050.51,2035.9,321940000.0,0.0002
2016-10-20,2040.6,2044.12,2048.25,2036.54,276000000.0,-0.0002
2016-10-21,2033.0,2039.4,2040.4,2029.79,260360000.0,-0.0037
2016-10-24,2047.74,2037.19,2047.74,2036.77,252040000.0,0.0073
2016-10-25,2037.17,2042.29,2042.65,2031.25,299100000.0,-0.0052
2016-10-26,2013.89,2030.37,2030.37,2002.29,392400000.0,-0.011399999999999999
2016-10-27,2024.12,2018.24,2026.33,2015.66,298690000.0,0.0051
2016-10-28,2019.42,2021.97,2026.85,2015.72,270530000.0,-0.0023
2016-10-31,2008.19,2011.29,2016.01,2005.95,400660000.0,-0.005600000000000001
2016-11-01,2007.39,2003.41,2010.51,1990.45,321780000.0,-0.0004
2016-11-02,1978.94,1995.41,1997.46,1976.34,333530000.0,-0.014199999999999999
2016-11-03,1983.8,1974.93,1988.82,1973.58,272730000.0,0.0025
2016-11-04,1982.02,1983.87,1985.29,1976.57,227780000.0,-0.0009
2016-11-07,1997.58,1997.58,2001.74,1992.14,210330000.0,0.0079
2016-11-08,2003.38,2009.56,2010.17,1994.33,239580000.0,0.0029
2016-11-09,1958.38,2008.08,2015.23,1931.07,709040000.0,-0.0225
2016-11-10,2002.6,1989.85,2002.6,1983.26,433880000.0,0.0226
2016-11-11,1984.43,1988.87,1994.05,1982.15,386860000.0,-0.0091
2016-11-14,1974.4,1982.93,1988.65,1974.27,352120000.0,-0.0051
2016-11-15,1967.53,1977.33,1978.94,1967.21,375660000.0,-0.0034999999999999996
2016-11-16,1979.65,1980.82,1985.67,1976.63,306500000.0,0.0062
2016-11-17,1980.55,1976.21,1983.87,1968.8,272170000.0,0.0005
2016-11-18,1974.58,1983.07,1983.26,1968.13,306960000.0,-0.003
2016-11-21,1966.05,1971.03,1976.23,1962.42,223510000.0,-0.0043
2016-11-22,1983.47,1976.07,1986.82,1974.05,231370000.0,0.0089
2016-11-23,1987.95,1987.64,1996.65,1981.22,308200000.0,0.0023
2016-11-24,1971.26,1985.11,1988.96,1968.5,235440000.0,-0.0084
2016-11-25,1974.46,1972.6,1978.45,1969.09,201940000.0,0.0016
2016-11-28,1978.13,1976.58,1983.43,1966.78,213580000.0,0.0019
2016-11-29,1978.39,1977.1,1982.53,1972.31,214570000.0,0.0001
2016-11-30,1983.48,1980.38,1988.44,1977.09,233090000.0,0.0026
2016-12-01,1983.75,1987.48,1989.08,1979.67,217880000.0,0.0001
2016-12-02,1970.61,1980.14,1981.64,1966.42,243180000.0,-0.0066
2016-12-05,1963.36,1965.71,1971.24,1960.65,237190000.0,-0.0037
2016-12-06,1989.86,1976.51,1993.47,1976.51,214650000.0,0.013500000000000002
2016-12-07,1991.89,1995.69,1997.62,1987.26,204410000.0,0.001
2016-12-08,2031.07,2008.31,2031.07,2007.57,239430000.0,0.0197
2016-12-09,2024.69,2024.52,2026.83,2019.79,225660000.0,-0.0031
2016-12-12,2027.24,2031.95,2031.95,2020.97,289800000.0,0.0013
2016-12-13,2035.98,2026.39,2035.99,2023.61,383360000.0,0.0043
2016-12-14,2036.87,2043.07,2044.42,2031.18,384030000.0,0.0004
2016-12-15,2036.65,2022.14,2040.62,2021.76,300190000.0,-0.0001
2016-12-16,2042.24,2037.35,2043.6,2033.23,289710000.0,0.0027
2016-12-19,2038.39,2039.4,2046.03,2037.04,249870000.0,-0.0019
2016-12-20,2041.94,2044.87,2047.38,2040.81,314220000.0,0.0017000000000000001
2016-12-21,2037.96,2049.47,2053.46,2037.96,284570000.0,-0.0019
2016-12-22,2035.73,2041.61,2042.9,2033.99,275100000.0,-0.0011
2016-12-23,2035.9,2036.17,2037.71,2031.54,310880000.0,0.0001
2016-12-26,2037.75,2038.33,2039.76,2034.8,366640000.0,0.0009
2016-12-27,2042.17,2040.74,2044.43,2037.12,384030000.0,0.0022
2016-12-28,2024.49,2021.86,2029.69,2020.86,356590000.0,-0.0087
2016-12-29,2026.46,2020.42,2026.57,2016.25,264519999.99999997,0.001
2017-01-02,2026.16,2022.23,2031.79,2015.68,229880000.0,-0.0001
2017-01-03,2043.97,2034.31,2044.07,2028.47,268130000.0,0.0088
2017-01-04,2045.64,2046.29,2046.29,2040.61,371490000.0,0.0008
2017-01-05,2041.95,2045.52,2046.5,2039.49,541340000.0,-0.0018
2017-01-06,2049.12,2048.11,2051.84,2045.66,455350000.0,0.0034999999999999996
2017-01-09,2048.78,2053.18,2053.18,2046.47,398290000.0,-0.0002
2017-01-10,2045.12,2043.3,2046.78,2039.5,512659999.99999994,-0.0018
2017-01-11,2075.17,2048.08,2079.7,2047.56,335530000.0,0.0147
2017-01-12,2087.14,2077.69,2087.14,2073.89,555840000.0,0.0058
2017-01-13,2076.79,2077.12,2080.94,2073.44,518280000.0,-0.005
2017-01-16,2064.17,2077.03,2080.05,2058.93,683930000.0,-0.0060999999999999995
2017-01-17,2071.87,2067.52,2078.8,2065.53,601440000.0,0.0037
2017-01-18,2070.54,2073.77,2075.23,2058.35,530130000.0,-0.0006
2017-01-19,2072.79,2085.61,2091.02,2065.03,415670000.0,0.0011
2017-01-20,2065.61,2065.54,2072.32,2064.0,392650000.0,-0.0034999999999999996
2017-01-23,2065.99,2067.62,2073.8,2058.91,444860000.0,0.0002
2017-01-24,2065.76,2070.22,2072.66,2058.59,312410000.0,-0.0001
2017-01-25,2066.94,2075.33,2077.72,2062.96,310240000.0,0.0006
2017-01-26,2083.59,2074.77,2088.6,2068.5,257920000.00000003,0.008100000000000001
2017-01-31,2067.57,2077.66,2079.97,2067.57,288280000.0,-0.0077
2017-02-01,2080.48,2075.31,2082.7,2073.97,452530000.0,0.0062
2017-02-02,2071.01,2080.23,2092.45,2067.76,825480000.0,-0.0046
2017-02-03,2073.16,2075.9,2079.85,2064.05,392580000.0,0.001
2017-02-06,2077.66,2085.73,2088.37,2073.03,315320000.0,0.0022
2017-02-07,2075.21,2077.8,2079.23,2071.05,271810000.0,-0.0012
2017-02-08,2065.08,2072.58,2072.58,2052.29,266720000.00000003,-0.0049
2017-02-09,2065.88,2067.15,2072.69,2062.12,236010000.0,0.0004
2017-02-10,2075.08,2075.8,2080.74,2072.23,314680000.0,0.0045000000000000005
2017-02-13,2078.65,2074.94,2078.66,2070.36,289680000.0,0.0017000000000000001
2017-02-14,2074.57,2079.3,2081.59,2068.16,332370000.0,-0.002
2017-02-15,2083.86,2073.6,2087.69,2069.89,338040000.0,0.0045000000000000005
2017-02-16,2081.84,2088.09,2092.59,2078.35,330470000.0,-0.001
2017-02-17,2080.58,2072.57,2081.18,2072.57,301520000.0,-0.0006
2017-02-20,2084.39,2084.16,2085.59,2077.13,297200000.0,0.0018
2017-02-21,2102.93,2085.97,2108.48,2085.0,292540000.0,0.0089
2017-02-22,2106.61,2106.42,2108.98,2101.56,312220000.0,0.0018
2017-02-23,2107.63,2106.15,2108.99,2103.11,430850000.0,0.0005
2017-02-24,2094.12,2106.43,2107.83,2090.05,385400000.0,-0.0064
2017-02-27,2085.52,2095.47,2097.24,2084.08,343700000.0,-0.0040999999999999995
2017-02-28,2091.64,2087.26,2094.41,2084.36,399820000.0,0.0029
2017-03-02,2102.65,2105.19,2112.58,2096.31,434710000.0,0.0053
2017-03-03,2078.75,2090.92,2091.59,2072.09,425940000.0,-0.011399999999999999
2017-03-06,2081.36,2073.2,2083.8,2067.68,431440000.0,0.0013
2017-03-07,2094.05,2080.77,2096.79,2079.16,277830000.0,0.0060999999999999995
2017-03-08,2095.41,2092.27,2101.56,2088.19,381440000.0,0.0006
2017-03-09,2091.06,2098.29,2100.08,2090.73,408230000.0,-0.0021
2017-03-10,2097.35,2088.67,2102.05,2082.31,500860000.0,0.003
2017-03-13,2117.59,2102.37,2122.88,2100.91,382130000.0,0.0097
2017-03-14,2133.78,2127.12,2135.5,2124.42,365080000.0,0.0076
2017-03-15,2133.0,2128.42,2135.38,2127.26,374700000.0,-0.0004
2017-03-16,2150.08,2154.98,2156.85,2143.01,402420000.0,0.008
2017-03-17,2164.58,2150.47,2164.59,2148.86,302790000.0,0.0067
2017-03-20,2157.01,2160.32,2160.57,2151.51,264950000.0,-0.0034999999999999996
2017-03-21,2178.38,2162.95,2181.99,2160.25,303940000.0,0.009899999999999999
2017-03-22,2168.3,2159.97,2170.0,2158.96,394430000.0,-0.0046
2017-03-23,2172.72,2174.09,2182.42,2170.56,358610000.0,0.002
2017-03-24,2168.95,2171.36,2179.34,2163.34,358670000.0,-0.0017000000000000001
2017-03-27,2155.66,2161.17,2165.25,2153.14,395860000.0,-0.0060999999999999995
2017-03-28,2163.31,2166.58,2169.14,2157.71,393970000.0,0.0034999999999999996
2017-03-29,2166.98,2172.31,2172.31,2162.04,626790000.0,0.0017000000000000001
2017-03-30,2164.64,2170.18,2174.16,2159.16,643560000.0,-0.0011
2017-03-31,2160.23,2166.62,2166.93,2159.8,441640000.0,-0.002
2017-04-03,2167.51,2166.04,2171.33,2161.26,398510000.0,0.0034000000000000002
2017-04-04,2161.1,2165.23,2166.94,2156.89,522090000.00000006,-0.003
2017-04-05,2160.85,2161.9,2164.85,2146.98,571690000.0,-0.0001
2017-04-06,2152.75,2152.64,2153.83,2143.3,510160000.0,-0.0037
2017-04-07,2151.73,2154.87,2155.7,2142.51,408460000.0,-0.0005
2017-04-10,2133.32,2148.83,2148.83,2128.35,512919999.99999994,-0.0086
2017-04-11,2123.85,2129.23,2136.55,2117.82,489310000.0,-0.0044
2017-04-12,2128.91,2128.17,2129.82,2122.94,427360000.0,0.0024
2017-04-13,2148.61,2130.64,2148.61,2125.87,357580000.0,0.009300000000000001
2017-04-14,2134.88,2138.28,2141.61,2127.8,383690000.0,-0.0064
2017-04-17,2145.76,2140.87,2150.7,2138.7,259300000.0,0.0051
2017-04-18,2148.46,2155.36,2155.36,2139.31,291400000.0,0.0013
2017-04-19,2138.4,2144.98,2148.03,2133.82,344220000.0,-0.004699999999999999
2017-04-20,2149.15,2138.19,2150.43,2134.05,268320000.0,0.005
2017-04-21,2165.04,2161.24,2169.46,2156.64,281540000.0,0.0074
2017-04-24,2173.74,2175.5,2177.89,2166.83,374710000.0,0.004
2017-04-25,2196.85,2175.7,2196.85,2174.11,275900000.0,0.0106
2017-04-26,2207.84,2202.37,2210.61,2200.73,397530000.0,0.005
2017-04-27,2209.46,2201.72,2211.59,2199.76,386110000.0,0.0007000000000000001
2017-04-28,2205.44,2214.36,2217.04,2202.2,268640000.0,-0.0018
2017-05-02,2219.67,2213.61,2229.74,2212.87,295140000.0,0.006500000000000001
2017-05-04,2241.24,2224.91,2241.24,2224.91,261920000.00000003,0.0097
2017-05-08,2292.76,2245.61,2292.76,2244.23,281760000.0,0.023
2017-05-10,2270.12,2294.1,2323.22,2264.31,422890000.0,-0.009899999999999999
2017-05-11,2296.37,2278.47,2297.67,2271.66,463460000.0,0.0116
2017-05-12,2286.02,2296.06,2296.51,2283.38,335340000.0,-0.0045000000000000005
2017-05-15,2290.65,2288.23,2297.31,2280.6,251590000.0,0.002
2017-05-16,2295.33,2306.73,2309.0,2283.84,368140000.0,0.002
2017-05-17,2293.08,2291.56,2295.87,2283.01,394820000.0,-0.001
2017-05-18,2286.82,2271.27,2288.85,2267.08,378320000.0,-0.0027
2017-05-19,2288.48,2286.78,2293.82,2282.13,421130000.0,0.0007000000000000001
2017-05-22,2304.03,2300.68,2305.21,2292.95,340060000.0,0.0068000000000000005
2017-05-23,2311.74,2308.69,2326.57,2303.15,341080000.0,0.0033
2017-05-24,2317.34,2319.37,2322.54,2312.93,409560000.0,0.0024
2017-05-25,2342.93,2325.49,2343.72,2321.26,369280000.0,0.011000000000000001
2017-05-26,2355.3,2344.39,2364.8,2341.61,312900000.0,0.0053
2017-05-29,2352.97,2362.59,2371.67,2344.25,316180000.0,-0.001
2017-05-30,2343.68,2356.54,2358.69,2332.16,508840000.0,-0.0039000000000000003
2017-05-31,2347.38,2339.25,2355.23,2338.25,555940000.0,0.0016
2017-06-01,2344.61,2348.31,2351.31,2335.63,336690000.0,-0.0012
2017-06-02,2371.72,2353.77,2372.65,2353.45,399500000.0,0.0116
2017-06-05,2368.62,2376.66,2376.83,2363.61,326410000.0,-0.0013
2017-06-07,2360.14,2364.96,2369.43,2356.71,376210000.0,-0.0036
2017-06-08,2363.57,2361.64,2365.52,2347.62,417080000.0,0.0015
2017-06-09,2381.69,2371.22,2385.15,2367.81,520559999.99999994,0.0077
2017-06-12,2357.87,2370.69,2374.7,2353.35,327230000.0,-0.01
2017-06-13,2374.7,2358.92,2375.81,2358.92,322080000.0,0.0070999999999999995
2017-06-14,2372.64,2384.54,2387.29,2366.92,393000000.0,-0.0009
2017-06-15,2361.65,2373.36,2378.04,2350.37,334890000.0,-0.0046
2017-06-16,2361.83,2364.2,2365.37,2355.29,329180000.0,0.0001
2017-06-19,2370.9,2364.02,2377.2,2356.84,290940000.0,0.0038
2017-06-20,2369.23,2382.54,2382.54,2365.45,360730000.0,-0.0007000000000000001
2017-06-21,2357.53,2358.23,2359.97,2346.19,360340000.0,-0.0049
2017-06-22,2370.37,2364.22,2370.39,2354.1,299230000.0,0.0054
2017-06-23,2378.6,2371.54,2380.94,2369.17,256260000.0,0.0034999999999999996
2017-06-26,2388.66,2381.09,2390.7,2377.88,325670000.0,0.0042
2017-06-27,2391.95,2386.76,2397.14,2383.47,358030000.0,0.0014000000000000002
2017-06-28,2382.56,2382.91,2390.89,2380.75,361180000.0,-0.0039000000000000003
2017-06-29,2395.66,2396.81,2402.8,2393.57,445130000.0,0.0055000000000000005
2017-06-30,2391.79,2382.15,2391.81,2381.4,343530000.0,-0.0016
2017-07-03,2394.48,2397.66,2399.9,2384.55,310990000.0,0.0011
2017-07-04,2380.52,2395.24,2398.02,2376.41,411780000.0,-0.0058
2017-07-05,2388.35,2377.01,2390.29,2375.63,333720000.0,0.0033
2017-07-06,2387.81,2390.31,2392.5,2380.82,301470000.0,-0.0002
2017-07-07,2379.87,2376.29,2385.02,2372.83,314370000.0,-0.0033
2017-07-10,2382.1,2386.3,2389.87,2378.04,296260000.0,0.0009
2017-07-11,2396.0,2386.42,2396.46,2382.69,284460000.0,0.0058
2017-07-12,2391.77,2395.41,2399.28,2390.45,268930000.0,-0.0018
2017-07-13,2409.49,2405.76,2422.26,2402.92,289260000.0,0.0074
2017-07-14,2414.63,2418.27,2421.48,2411.34,258769999.99999997,0.0021
2017-07-17,2425.1,2427.76,2430.34,2419.91,254200000.0,0.0043
2017-07-18,2426.04,2425.07,2426.16,2419.17,260660000.00000003,0.0004
2017-07-19,2429.94,2430.09,2430.09,2419.64,270960000.0,0.0016
2017-07-20,2441.84,2436.06,2443.69,2427.95,251920000.0,0.0049
2017-07-21,2450.06,2438.78,2451.59,2437.84,250130000.0,0.0034000000000000002
2017-07-24,2451.53,2451.41,2451.53,2443.65,233410000.0,0.0006
2017-07-25,2439.9,2450.76,2453.17,2437.14,275200000.0,-0.004699999999999999
2017-07-26,2434.51,2446.82,2446.96,2429.62,336110000.0,-0.0022
2017-07-27,2443.24,2443.28,2448.24,2435.49,426500000.0,0.0036
2017-07-28,2400.99,2433.46,2434.38,2399.06,318650000.0,-0.0173
2017-07-31,2402.71,2392.02,2403.9,2388.39,277570000.0,0.0007000000000000001
2017-08-01,2422.96,2397.12,2432.62,2394.27,264040000.00000003,0.0084
2017-08-02,2427.63,2431.94,2434.47,2424.18,261570000.0,0.0019
2017-08-03,2386.85,2423.21,2423.55,2374.11,303580000.0,-0.0168
2017-08-04,2395.45,2389.74,2400.33,2383.45,273570000.0,0.0036
2017-08-07,2398.75,2402.57,2412.13,2395.74,244120000.0,0.0014000000000000002
2017-08-08,2394.73,2404.68,2410.22,2383.94,252850000.0,-0.0017000000000000001
2017-08-09,2368.39,2379.7,2387.53,2366.33,234070000.0,-0.011000000000000001
2017-08-10,2359.47,2360.95,2371.5,2339.06,283870000.0,-0.0038
2017-08-11,2319.71,2323.06,2335.12,2310.2,318580000.0,-0.0169
2017-08-14,2334.22,2336.02,2341.78,2327.8,214020000.0,0.0063
2017-08-16,2348.26,2355.74,2358.46,2343.72,270520000.0,0.006
2017-08-17,2361.67,2351.61,2364.5,2346.74,255770000.0,0.005699999999999999
2017-08-18,2358.37,2340.19,2362.43,2340.19,201480000.0,-0.0014000000000000002
2017-08-21,2355.0,2363.38,2363.38,2351.96,207220000.0,-0.0014000000000000002
2017-08-22,2365.33,2360.29,2369.02,2359.97,251860000.0,0.0044
2017-08-23,2366.4,2376.53,2379.59,2360.71,228620000.0,0.0005
2017-08-24,2375.84,2370.12,2382.72,2368.29,295530000.0,0.004
2017-08-25,2378.51,2381.47,2384.59,2372.67,341960000.0,0.0011
2017-08-28,2370.3,2376.38,2383.46,2366.23,226870000.0,-0.0034999999999999996
2017-08-29,2364.74,2356.2,2364.74,2332.85,223090000.0,-0.0023
2017-08-30,2372.29,2368.13,2372.29,2363.43,305640000.0,0.0032
2017-08-31,2363.19,2373.96,2377.02,2355.29,265050000.0,-0.0038
2017-09-01,2357.69,2367.45,2370.25,2351.37,280060000.0,-0.0023
2017-09-04,2329.65,2316.89,2344.82,2316.89,248500000.0,-0.011899999999999999
2017-09-05,2326.62,2340.62,2340.62,2319.94,320430000.0,-0.0013
2017-09-06,2319.82,2324.84,2325.56,2314.31,252680000.0,-0.0029
2017-09-07,2346.19,2328.94,2349.79,2328.92,277040000.0,0.011399999999999999
2017-09-08,2343.72,2350.19,2351.73,2340.63,214590000.0,-0.0011
2017-09-11,2359.08,2354.86,2369.72,2354.35,243610000.0,0.0066
2017-09-12,2365.47,2372.02,2372.45,2359.12,333570000.0,0.0027
2017-09-13,2360.18,2370.54,2373.61,2360.17,318870000.0,-0.0022
2017-09-14,2377.66,2365.54,2377.66,2358.43,314260000.0,0.0074
2017-09-15,2386.07,2368.44,2386.07,2365.37,298740000.0,0.0034999999999999996
2017-09-18,2418.21,2390.58,2418.24,2389.65,273480000.0,0.013500000000000002
2017-09-19,2416.05,2419.3,2422.05,2411.68,254590000.0,-0.0009
2017-09-20,2412.2,2420.82,2429.12,2405.78,303290000.0,-0.0016
2017-09-21,2406.5,2412.01,2415.13,2401.89,335340000.0,-0.0024
2017-09-22,2388.71,2404.35,2409.3,2381.81,333620000.0,-0.0074
2017-09-25,2380.4,2388.77,2392.44,2374.69,339350000.0,-0.0034999999999999996
2017-09-26,2374.32,2371.62,2381.31,2365.34,319120000.0,-0.0026
2017-09-27,2372.57,2376.89,2377.18,2368.92,202620000.0,-0.0007000000000000001
2017-09-28,2373.14,2374.1,2379.54,2365.67,194770000.0,0.0002
2017-09-29,2394.47,2378.66,2394.47,2378.66,184190000.0,0.009000000000000001
2017-10-10,2433.81,2425.63,2443.2,2421.1,221740000.0,0.016399999999999998
2017-10-11,2458.16,2442.49,2458.16,2439.81,201770000.0,0.01
2017-10-12,2474.76,2461.7,2474.76,2459.48,256209999.99999997,0.0068000000000000005
2017-10-13,2473.62,2473.65,2479.73,2468.14,234800000.0,-0.0005
2017-10-16,2480.05,2483.17,2487.71,2470.24,224420000.0,0.0026
2017-10-17,2484.37,2484.96,2487.88,2478.76,199050000.0,0.0017000000000000001
2017-10-18,2482.91,2481.53,2490.58,2475.67,244240000.0,-0.0006
2017-10-19,2473.06,2485.72,2490.94,2468.67,236620000.0,-0.004
2017-10-20,2489.54,2477.3,2489.54,2476.88,313210000.0,0.0067
2017-10-23,2490.05,2497.65,2500.33,2485.48,274200000.0,0.0002
2017-10-24,2490.49,2489.31,2497.35,2487.17,232010000.0,0.0002
2017-10-25,2492.5,2495.87,2497.41,2481.48,599440000.0,0.0008
2017-10-26,2480.63,2489.6,2495.99,2480.63,646880000.0,-0.0048
2017-10-27,2496.63,2485.44,2499.15,2479.67,511230000.0,0.0064
2017-10-30,2501.93,2513.87,2513.87,2497.42,342010000.0,0.0021
2017-10-31,2523.43,2500.21,2528.32,2498.05,313790000.0,0.0086
2017-11-01,2556.47,2535.97,2556.47,2535.83,361800000.0,0.0131
2017-11-02,2546.36,2560.34,2561.63,2542.02,527730000.0,-0.004
2017-11-03,2557.97,2558.37,2558.37,2539.72,292770000.0,0.0046
2017-11-06,2549.41,2557.29,2559.9,2529.94,221190000.0,-0.0033
2017-11-07,2545.44,2548.3,2554.13,2540.67,253920000.0,-0.0016
2017-11-08,2552.4,2534.48,2558.74,2533.73,277040000.0,0.0027
2017-11-09,2550.57,2559.93,2559.93,2536.54,293540000.0,-0.0007000000000000001
2017-11-10,2542.95,2541.18,2547.61,2534.6,291520000.0,-0.003
2017-11-13,2530.35,2548.27,2552.28,2527.2,266529999.99999997,-0.005
2017-11-14,2526.64,2532.55,2532.95,2520.99,287770000.0,-0.0015
2017-11-15,2518.25,2525.6,2526.61,2511.76,398220000.0,-0.0033
2017-11-16,2534.79,2522.42,2538.28,2514.51,302930000.0,0.0066
2017-11-17,2533.99,2546.05,2559.1,2533.99,362190000.0,-0.0003
2017-11-20,2527.67,2536.8,2542.62,2523.52,404260000.0,-0.0025
2017-11-21,2530.7,2533.85,2539.88,2525.96,484890000.0,0.0012
2017-11-22,2540.51,2546.61,2553.22,2535.19,485670000.0,0.0039000000000000003
2017-11-23,2537.15,2542.34,2544.58,2532.45,391290000.0,-0.0013
2017-11-24,2544.33,2539.79,2544.33,2533.98,297940000.0,0.0028000000000000004
2017-11-27,2507.81,2544.74,2546.71,2506.69,284890000.0,-0.0144
2017-11-28,2514.19,2512.52,2521.06,2500.93,348240000.0,0.0025
2017-11-29,2512.9,2517.26,2524.41,2508.66,301210000.0,-0.0005
2017-11-30,2476.37,2502.22,2506.32,2474.28,339020000.0,-0.014499999999999999
2017-12-01,2475.41,2488.92,2488.92,2472.75,288570000.0,-0.0004
2017-12-04,2501.67,2486.72,2501.67,2476.29,323850000.0,0.0106
2017-12-05,2510.12,2490.73,2513.68,2487.15,395430000.0,0.0034000000000000002
2017-12-06,2474.37,2510.19,2510.47,2474.29,507620000.0,-0.014199999999999999
2017-12-07,2461.98,2479.55,2480.85,2452.4,404850000.0,-0.005
2017-12-08,2464.0,2470.09,2473.17,2459.02,406380000.0,0.0008
2017-12-11,2471.49,2467.81,2471.99,2457.98,240140000.0,0.003
2017-12-12,2461.0,2471.23,2471.43,2455.39,281190000.0,-0.0042
2017-12-13,2480.55,2462.42,2481.92,2457.7,254950000.0,0.0079
2017-12-14,2469.48,2486.57,2514.61,2469.48,317790000.0,-0.0045000000000000005
2017-12-15,2482.07,2488.39,2495.08,2475.99,340760000.0,0.0051
2017-12-18,2481.88,2488.83,2488.83,2477.29,324360000.0,-0.0001
2017-12-19,2478.53,2487.83,2498.67,2470.49,308390000.0,-0.0013
2017-12-20,2472.37,2473.82,2484.5,2470.62,236180000.0,-0.0025
2017-12-21,2429.83,2471.34,2471.73,2429.83,247330000.0,-0.0172
2017-12-22,2440.54,2437.59,2444.57,2426.94,230410000.0,0.0044
2017-12-26,2427.34,2447.67,2457.19,2427.34,224640000.0,-0.0054
2017-12-27,2436.67,2420.86,2436.68,2411.48,194850000.0,0.0038
2017-12-28,2467.49,2439.31,2467.51,2437.26,220340000.0,0.0126
2018-01-02,2479.65,2474.86,2481.02,2465.94,262200000.0,0.0049
2018-01-03,2486.35,2484.63,2493.4,2481.91,331100000.0,0.0027
2018-01-04,2466.46,2502.5,2502.5,2466.45,333840000.0,-0.008
2018-01-05,2497.52,2476.85,2497.52,2475.51,308770000.0,0.0126
2018-01-08,2513.28,2510.7,2515.37,2494.18,311430000.0,0.0063
2018-01-09,2510.23,2510.73,2524.73,2498.41,374320000.0,-0.0012
2018-01-10,2499.75,2516.33,2516.82,2493.98,444020000.0,-0.0042
2018-01-11,2487.91,2496.86,2502.52,2483.82,444340000.0,-0.004699999999999999
2018-01-12,2496.42,2499.87,2500.87,2482.15,438780000.0,0.0034000000000000002
2018-01-15,2503.73,2510.97,2513.3,2496.18,404550000.0,0.0029
2018-01-16,2521.74,2504.16,2524.55,2498.55,341610000.0,0.0072
2018-01-17,2515.43,2517.19,2521.97,2506.49,336710000.0,-0.0025
2018-01-18,2515.81,2527.67,2532.08,2512.69,333110000.0,0.0002
2018-01-19,2520.26,2519.67,2524.33,2513.09,351840000.0,0.0018
2018-01-22,2502.11,2516.9,2517.12,2488.44,342990000.0,-0.0072
2018-01-23,2536.6,2510.35,2536.6,2507.96,370010000.0,0.0138
2018-01-24,2538.0,2533.86,2547.22,2531.31,371090000.0,0.0006
2018-01-25,2562.23,2536.96,2564.43,2536.73,514600000.0,0.0095
2018-01-26,2574.76,2560.69,2574.76,2553.53,400650000.0,0.0049
2018-01-29,2598.19,2588.87,2607.1,2587.55,437480000.0,0.0091
2018-01-30,2567.74,2590.41,2599.17,2567.07,397040000.0,-0.011699999999999999
2018-01-31,2566.46,2557.37,2597.14,2553.01,403050000.0,-0.0005
2018-02-01,2568.54,2578.91,2583.74,2564.59,595150000.0,0.0008
2018-02-02,2525.39,2565.99,2565.99,2519.6,481820000.0,-0.0168
2018-02-05,2491.75,2487.34,2503.99,2476.24,442350000.0,-0.013300000000000001
2018-02-06,2453.31,2437.02,2460.28,2409.38,582840000.0,-0.0154
2018-02-07,2396.56,2483.72,2484.18,2396.56,460080000.0,-0.0231
2018-02-08,2407.62,2400.17,2423.88,2393.46,362420000.0,0.0046
2018-02-09,2363.77,2346.73,2372.9,2346.73,489110000.0,-0.0182
2018-02-12,2385.38,2380.49,2397.9,2367.31,352290000.0,0.0091
2018-02-13,2395.19,2402.89,2421.8,2388.54,423420000.0,0.0040999999999999995
2018-02-14,2421.83,2412.47,2426.63,2408.02,305740000.0,0.0111
2018-02-19,2442.82,2452.52,2455.12,2428.15,322140000.0,0.0087
2018-02-20,2415.12,2433.35,2438.48,2411.23,421490000.0,-0.0113
2018-02-21,2429.65,2417.73,2432.45,2404.02,432280000.0,0.006
2018-02-22,2414.28,2417.18,2422.62,2405.23,349490000.0,-0.0063
2018-02-23,2451.52,2427.13,2451.52,2427.13,300580000.0,0.0154
2018-02-26,2457.65,2465.35,2466.08,2447.86,321260000.0,0.0025
2018-02-27,2456.14,2474.08,2480.79,2456.14,271230000.0,-0.0006
2018-02-28,2427.36,2447.11,2460.12,2426.21,367560000.0,-0.011699999999999999
2018-03-02,2402.16,2406.57,2410.34,2387.25,320400000.0,-0.0104
2018-03-05,2375.06,2405.92,2407.98,2374.8,312250000.0,-0.0113
2018-03-06,2411.41,2400.67,2413.01,2392.87,400110000.0,0.015300000000000001
2018-03-07,2401.82,2413.39,2429.43,2395.24,412970000.0,-0.004
2018-03-08,2433.08,2420.67,2433.08,2407.59,394850000.0,0.013000000000000001
2018-03-09,2459.45,2443.43,2476.43,2436.03,437260000.0,0.0108
2018-03-12,2484.12,2485.64,2489.46,2474.91,391300000.0,0.01
2018-03-13,2494.49,2483.05,2494.49,2478.76,350200000.0,0.0042
2018-03-14,2486.08,2477.43,2486.98,2474.77,360870000.0,-0.0034000000000000002
2018-03-15,2492.38,2486.0,2496.51,2471.04,344010000.0,0.0025
2018-03-16,2493.97,2495.11,2497.8,2476.88,377770000.0,0.0006
2018-03-19,2475.03,2491.99,2493.56,2470.91,477220000.0,-0.0076
2018-03-20,2485.52,2456.8,2485.52,2456.8,291500000.0,0.0042
2018-03-21,2484.97,2488.22,2492.88,2483.78,399070000.0,-0.0002
2018-03-22,2496.02,2494.84,2508.71,2485.34,482140000.0,0.0044
2018-03-23,2416.76,2446.73,2450.4,2412.62,457950000.0,-0.0318
2018-03-26,2437.08,2414.68,2437.08,2399.44,306900000.0,0.0084
2018-03-27,2452.06,2455.0,2456.55,2444.92,332130000.0,0.0060999999999999995
2018-03-28,2419.29,2425.94,2430.77,2409.47,501310000.0,-0.0134
2018-03-29,2436.37,2421.7,2439.47,2413.71,333360000.0,0.0070999999999999995
2018-03-30,2445.85,2454.1,2458.24,2445.72,395330000.0,0.0039000000000000003
2018-04-02,2444.16,2454.72,2467.52,2440.89,390320000.0,-0.0007000000000000001
2018-04-03,2442.43,2422.26,2442.43,2416.44,497140000.0,-0.0007000000000000001
2018-04-04,2408.06,2447.97,2447.97,2405.91,551700000.0,-0.0141
2018-04-05,2437.52,2426.92,2446.78,2420.92,591040000.0,0.012199999999999999
2018-04-06,2429.58,2420.88,2433.97,2417.24,454310000.0,-0.0033
2018-04-09,2444.08,2424.15,2446.28,2424.15,334420000.0,0.006
2018-04-10,2450.74,2439.94,2454.36,2419.55,356390000.0,0.0027
2018-04-11,2444.22,2456.53,2458.99,2441.2,355190000.0,-0.0027
2018-04-12,2442.71,2450.95,2454.95,2441.58,441570000.0,-0.0006
2018-04-13,2455.07,2449.42,2457.85,2442.35,395890000.0,0.0051
2018-04-16,2457.49,2466.04,2466.16,2449.97,347170000.0,0.001
2018-04-17,2453.77,2459.39,2465.63,2449.08,394700000.0,-0.0015
2018-04-18,2479.98,2467.55,2486.73,2467.55,647290000.0,0.010700000000000001
2018-04-19,2486.1,2483.26,2490.57,2476.51,727030000.0,0.0025
2018-04-20,2476.33,2478.59,2485.15,2472.37,531720000.0,-0.0039000000000000003
2018-04-23,2474.11,2473.7,2478.57,2466.57,701420000.0,-0.0009
2018-04-24,2464.14,2478.47,2479.32,2454.44,524280000.0,-0.004
2018-04-25,2448.81,2444.19,2453.54,2436.51,466100000.0,-0.0062
2018-04-26,2475.64,2460.62,2484.09,2456.2,520919999.99999994,0.011000000000000001
2018-04-27,2492.4,2497.75,2508.13,2484.19,464960000.0,0.0068000000000000005
2018-04-30,2515.38,2502.29,2515.38,2500.22,746290000.0,0.0092
2018-05-02,2505.61,2515.75,2516.57,2501.71,807590000.0,-0.0039000000000000003
2018-05-03,2487.25,2506.94,2507.91,2487.25,614100000.0,-0.0073
2018-05-04,2461.38,2486.47,2487.77,2461.38,612020000.0,-0.0104
2018-05-08,2449.81,2468.45,2479.75,2444.08,714730000.0,-0.004699999999999999
2018-05-09,2443.98,2450.71,2451.86,2428.79,593370000.0,-0.0024
2018-05-10,2464.16,2458.67,2464.72,2448.01,490000000.0,0.0083
2018-05-11,2477.71,2469.3,2483.85,2468.41,599900000.0,0.0055000000000000005
2018-05-14,2476.11,2482.97,2486.17,2471.91,650710000.0,-0.0006
2018-05-15,2458.54,2476.87,2480.22,2456.2,712620000.0,-0.0070999999999999995
2018-05-16,2459.82,2446.64,2465.55,2444.67,691810000.0,0.0005
2018-05-17,2448.45,2468.72,2472.82,2448.43,596770000.0,-0.0046
2018-05-18,2460.65,2459.73,2461.95,2452.34,431380000.0,0.005
2018-05-21,2465.57,2464.07,2472.3,2447.69,588090000.0,0.002
2018-05-23,2471.91,2462.98,2476.86,2460.07,752680000.0,0.0026
2018-05-24,2466.01,2477.48,2481.31,2457.84,638120000.0,-0.0024
2018-05-25,2460.8,2452.8,2466.57,2444.77,653590000.0,-0.0021
2018-05-28,2478.96,2465.0,2482.4,2463.14,708360000.0,0.0074
2018-05-29,2457.25,2476.7,2479.68,2457.18,571840000.0,-0.0088
2018-05-30,2409.03,2446.81,2449.88,2399.58,575920000.0,-0.0196
2018-05-31,2423.01,2428.83,2430.15,2415.5,816930000.0,0.0058
2018-06-01,2438.96,2419.63,2445.31,2418.11,603020000.0,0.0066
2018-06-04,2447.76,2444.62,2452.67,2441.25,438930000.0,0.0036
2018-06-05,2453.76,2450.39,2455.78,2432.81,501360000.0,0.0025
2018-06-07,2470.58,2468.26,2478.67,2466.01,474150000.0,0.0069
2018-06-08,2451.58,2467.88,2468.27,2449.11,530159999.99999994,-0.0077
2018-06-11,2470.15,2454.25,2470.99,2448.0,427950000.0,0.0076
2018-06-12,2468.83,2474.78,2479.56,2462.84,613170000.0,-0.0005
2018-06-14,2423.48,2450.86,2451.95,2422.37,533450000.00000006,-0.0184
2018-06-15,2404.04,2432.18,2433.51,2403.97,502360000.0,-0.008
2018-06-18,2376.24,2404.68,2405.56,2365.31,564820000.0,-0.0116
2018-06-19,2340.11,2373.12,2379.49,2336.54,606300000.0,-0.0152
2018-06-20,2363.91,2350.24,2374.52,2345.22,456000000.0,0.0102
2018-06-21,2337.83,2364.16,2370.58,2337.83,438260000.0,-0.011000000000000001
2018-06-22,2357.22,2323.08,2357.4,2320.76,537260000.0,0.0083
2018-06-25,2357.88,2351.89,2361.39,2337.22,415080000.0,0.0003
2018-06-26,2350.92,2334.75,2358.01,2326.61,470910000.0,-0.003
2018-06-27,2342.03,2349.38,2358.71,2342.02,526620000.0,-0.0038
2018-06-28,2314.24,2327.37,2335.35,2310.8,414370000.0,-0.011899999999999999
2018-06-29,2326.13,2325.68,2329.58,2296.39,396660000.0,0.0051
2018-07-02,2271.54,2322.23,2327.59,2271.53,393260000.0,-0.0235
2018-07-03,2272.76,2285.88,2287.39,2252.36,366030000.0,0.0005
2018-07-04,2265.46,2270.95,2280.81,2261.34,315100000.0,-0.0032
2018-07-05,2257.55,2264.74,2274.74,2243.9,346880000.0,-0.0034999999999999996
2018-07-06,2272.87,2261.44,2283.75,2247.35,344430000.0,0.0068000000000000005
2018-07-09,2285.8,2276.92,2294.61,2267.25,352640000.0,0.005699999999999999
2018-07-10,2294.16,2299.09,2305.84,2292.13,339920000.0,0.0037
2018-07-11,2280.62,2277.22,2287.08,2262.77,422990000.0,-0.0059
2018-07-12,2285.06,2285.93,2298.56,2277.73,364410000.0,0.0019
2018-07-13,2310.9,2293.07,2313.8,2293.07,291560000.0,0.0113
2018-07-16,2301.99,2312.26,2317.84,2299.79,297120000.0,-0.0039000000000000003
2018-07-17,2297.92,2302.95,2306.07,2290.24,379030000.0,-0.0018
2018-07-18,2290.11,2313.78,2319.39,2287.1,402770000.0,-0.0034000000000000002
2018-07-19,2282.29,2298.91,2300.18,2278.94,464520000.0,-0.0034000000000000002
2018-07-20,2289.19,2281.36,2293.34,2269.55,353240000.0,0.003
2018-07-23,2269.31,2289.61,2289.61,2264.42,334290000.0,-0.0087
2018-07-24,2280.2,2273.15,2284.43,2263.13,436130000.0,0.0048
2018-07-25,2273.03,2284.38,2292.61,2269.67,309320000.0,-0.0031
2018-07-26,2289.06,2284.51,2297.16,2276.54,303330000.0,0.0070999999999999995
2018-07-27,2294.99,2292.33,2295.27,2284.44,262140000.0,0.0026
2018-07-30,2293.51,2290.18,2296.91,2283.29,206500000.0,-0.0006
2018-07-31,2295.26,2292.23,2296.6,2286.02,223930000.0,0.0008
2018-08-01,2307.07,2301.17,2312.65,2301.13,219030000.0,0.0051
2018-08-02,2270.2,2304.14,2306.72,2265.46,352060000.0,-0.016
2018-08-03,2287.68,2278.33,2288.93,2272.94,270490000.0,0.0077
2018-08-06,2286.5,2288.51,2300.38,2283.26,244550000.0,-0.0005
2018-08-07,2300.16,2290.85,2301.27,2279.55,230340000.0,0.006
2018-08-08,2301.45,2305.73,2308.6,2298.41,299690000.0,0.0006
2018-08-09,2303.71,2303.04,2303.71,2291.91,244880000.0,0.001
2018-08-10,2282.79,2295.21,2295.62,2277.89,286160000.0,-0.0091
2018-08-13,2248.45,2266.43,2271.82,2238.55,335380000.0,-0.015
2018-08-14,2258.91,2249.86,2262.52,2247.37,255220000.0,0.004699999999999999
2018-08-16,2240.8,2233.05,2244.08,2218.09,312520000.0,-0.008
2018-08-17,2247.05,2244.61,2250.92,2240.14,238380000.0,0.0028000000000000004
2018-08-20,2247.88,2257.35,2264.42,2245.06,271600000.0,0.0004
2018-08-21,2270.06,2248.04,2272.86,2244.59,294340000.0,0.009899999999999999
2018-08-22,2273.33,2273.68,2280.31,2268.91,269270000.0,0.0014000000000000002
2018-08-23,2282.6,2282.57,2282.88,2268.06,338390000.0,0.0040999999999999995
2018-08-24,2293.21,2276.16,2295.22,2271.35,347290000.0,0.0046
2018-08-27,2299.3,2297.32,2302.87,2289.41,307040000.0,0.0027
2018-08-28,2303.12,2312.14,2314.6,2299.45,276890000.0,0.0017000000000000001
2018-08-29,2309.03,2304.66,2309.88,2300.21,268209999.99999997,0.0026
2018-08-30,2307.35,2313.11,2320.85,2305.46,286930000.0,-0.0007000000000000001
2018-08-31,2322.88,2298.13,2322.88,2295.72,255910000.0,0.0067
2018-09-03,2307.03,2317.93,2318.72,2302.17,230510000.0,-0.0068000000000000005
2018-09-04,2315.72,2308.96,2317.74,2302.17,277010000.0,0.0038
2018-09-05,2291.77,2310.9,2315.43,2288.01,358190000.0,-0.0103
2018-09-06,2287.61,2288.8,2298.47,2284.5,387510000.0,-0.0018
2018-09-07,2281.58,2278.08,2286.82,2264.9,357560000.0,-0.0026
2018-09-10,2288.66,2277.35,2289.38,2276.6,312610000.0,0.0031
2018-09-11,2283.2,2286.91,2295.76,2275.13,368210000.0,-0.0024
2018-09-12,2282.92,2286.28,2289.66,2271.0,336830000.0,-0.0001
2018-09-13,2286.23,2285.28,2291.51,2281.63,301310000.0,0.0014000000000000002
2018-09-14,2318.25,2304.7,2318.65,2304.15,292240000.0,0.013999999999999999
2018-09-17,2303.01,2314.55,2314.55,2295.26,343170000.0,-0.0066
2018-09-18,2308.98,2287.73,2310.97,2287.42,309240000.0,0.0026
2018-09-19,2308.46,2319.22,2319.22,2301.79,350950000.0,-0.0002
2018-09-20,2323.45,2314.41,2334.04,2311.56,289080000.0,0.006500000000000001
2018-09-21,2339.17,2332.04,2339.17,2325.12,321700000.0,0.0068000000000000005
2018-09-27,2355.43,2331.7,2355.43,2331.7,279230000.0,0.006999999999999999
2018-09-28,2343.07,2356.13,2356.62,2337.47,317870000.0,-0.0052
2018-10-01,2338.88,2349.64,2352.11,2333.32,278310000.0,-0.0018
2018-10-02,2309.57,2338.28,2341.55,2308.9,287870000.0,-0.0125
2018-10-04,2274.49,2311.06,2311.06,2270.22,309500000.0,-0.0152
2018-10-05,2267.52,2269.94,2278.12,2250.99,282140000.0,-0.0031
2018-10-08,2253.83,2258.73,2273.71,2253.83,214640000.0,-0.006
2018-10-10,2228.61,2256.03,2257.52,2222.95,365680000.0,-0.011200000000000002
2018-10-11,2129.67,2176.16,2186.69,2129.67,411920000.0,-0.0444
2018-10-12,2161.85,2131.66,2173.01,2129.13,292570000.0,0.0151
2018-10-15,2145.12,2155.34,2159.23,2141.28,259180000.0,-0.0077
2018-10-16,2145.12,2156.0,2161.76,2140.19,222510000.0,0.0
2018-10-17,2167.51,2169.44,2182.77,2159.37,275160000.0,0.0104
2018-10-18,2148.31,2158.8,2168.01,2146.61,321760000.0,-0.0089
2018-10-19,2156.26,2130.06,2158.78,2117.62,351770000.0,0.0037
2018-10-22,2161.71,2143.08,2163.21,2136.92,308740000.0,0.0025
2018-10-23,2106.1,2147.3,2148.8,2094.69,373470000.0,-0.025699999999999997
2018-10-24,2097.58,2119.19,2121.36,2092.1,399730000.0,-0.004
2018-10-25,2063.3,2046.67,2066.06,2033.81,376010000.0,-0.0163
2018-10-26,2027.15,2066.57,2066.57,2008.86,449200000.0,-0.0175
2018-10-29,1996.05,2026.68,2045.76,1993.77,427300000.0,-0.015300000000000001
2018-10-30,2014.69,1985.95,2028.84,1985.95,441580000.0,0.009300000000000001
2018-10-31,2029.69,2022.84,2030.5,2006.63,373030000.0,0.0074
2018-11-01,2024.46,2035.11,2054.22,2023.43,343810000.0,-0.0026
2018-11-02,2096.0,2046.61,2096.63,2044.94,371980000.0,0.0353
2018-11-05,2076.92,2079.81,2080.49,2052.67,361300000.0,-0.0091
2018-11-06,2089.62,2085.81,2092.61,2068.59,315820000.0,0.0060999999999999995
2018-11-07,2078.69,2090.32,2107.63,2072.48,485220000.0,-0.0052
2018-11-08,2092.63,2109.97,2120.88,2092.36,328030000.0,0.0067
2018-11-09,2086.09,2093.89,2101.92,2082.47,298070000.0,-0.0031
2018-11-12,2080.44,2065.92,2087.24,2065.52,295530000.0,-0.0027
2018-11-13,2071.23,2047.62,2072.03,2032.05,383420000.0,-0.0044
2018-11-14,2068.05,2071.41,2075.12,2060.86,339050000.0,-0.0015
2018-11-15,2088.06,2061.47,2088.61,2058.73,351040000.0,0.0097
2018-11-16,2092.4,2097.94,2103.11,2086.54,301600000.0,0.0021
2018-11-19,2100.56,2096.13,2111.39,2089.37,273200000.0,0.0039000000000000003
2018-11-20,2082.58,2074.67,2089.54,2074.67,281680000.0,-0.0086
2018-11-21,2076.55,2057.07,2077.49,2049.76,267899999.99999997,-0.0029
2018-11-22,2069.95,2079.01,2081.75,2066.2,242500000.0,-0.0032
2018-11-23,2057.48,2073.26,2075.91,2047.96,227200000.0,-0.006
2018-11-26,2083.02,2060.17,2083.96,2060.17,237710000.0,0.0124
2018-11-27,2099.42,2091.75,2102.29,2079.49,239210000.0,0.0079
2018-11-28,2108.22,2104.13,2108.65,2094.32,300080000.0,0.0042
2018-11-29,2114.1,2133.95,2136.74,2108.9,307230000.0,0.0028000000000000004
2018-11-30,2096.86,2116.83,2122.33,2093.83,427350000.0,-0.008199999999999999
2018-12-03,2131.93,2127.78,2136.64,2113.6,436590000.0,0.0167
2018-12-04,2114.35,2125.67,2128.94,2105.45,507520000.0,-0.008199999999999999
2018-12-05,2101.31,2086.57,2107.69,2086.57,492720000.0,-0.0062
2018-12-06,2068.69,2094.62,2094.62,2064.0,537410000.0,-0.0155
2018-12-07,2075.76,2081.68,2086.84,2065.62,371590000.0,0.0034000000000000002
2018-12-10,2053.79,2048.45,2061.78,2043.21,344160000.0,-0.0106
2018-12-11,2052.97,2058.16,2060.94,2047.17,273930000.0,-0.0004
2018-12-12,2082.57,2062.77,2084.77,2061.13,457130000.0,0.0144
2018-12-13,2095.55,2087.43,2104.43,2084.37,379820000.0,0.0062
2018-12-14,2069.38,2095.64,2095.64,2061.4,448240000.0,-0.0125
2018-12-17,2071.09,2071.21,2075.93,2065.51,444520000.0,0.0008
2018-12-18,2062.11,2057.39,2074.31,2054.26,429530000.0,-0.0043
2018-12-19,2078.84,2068.95,2080.65,2063.01,418800000.0,0.008100000000000001
2018-12-20,2060.12,2063.7,2071.08,2047.52,421060000.0,-0.009000000000000001
2018-12-21,2061.49,2052.7,2061.51,2049.76,311390000.0,0.0007000000000000001
2018-12-24,2055.01,2050.38,2059.94,2046.18,285280000.0,-0.0031
2018-12-26,2028.01,2028.81,2037.83,2014.28,321500000.0,-0.0131
2018-12-27,2028.44,2032.09,2035.57,2021.39,398020000.0,0.0002
2018-12-28,2041.04,2036.7,2046.97,2035.41,352680000.0,0.0062
2019-01-02,2010.0,2050.55,2053.45,2004.27,326370000.0,-0.0152
2019-01-03,1993.7,2011.81,2014.72,1991.65,427980000.0,-0.008100000000000001
2019-01-04,2010.25,1992.4,2011.56,1984.53,408990000.0,0.0083
2019-01-07,2037.1,2034.24,2048.06,2030.9,440190000.0,0.0134
2019-01-08,2025.27,2038.68,2042.7,2023.59,397830000.0,-0.0058
2019-01-09,2064.71,2034.19,2068.23,2034.19,386250000.0,0.0195
2019-01-10,2063.28,2065.73,2072.81,2057.16,382880000.0,-0.0007000000000000001
2019-01-11,2075.57,2070.36,2076.99,2063.99,380060000.0,0.006
2019-01-14,2064.52,2070.49,2073.94,2059.46,432890000.0,-0.0053
2019-01-15,2097.18,2069.14,2098.01,2067.58,439490000.0,0.0158
2019-01-16,2106.1,2098.65,2106.35,2091.92,500080000.0,0.0043
2019-01-17,2107.06,2110.14,2117.43,2101.7,475880000.0,0.0005
2019-01-18,2124.28,2116.43,2124.5,2113.44,456740000.0,0.008199999999999999
2019-01-21,2124.61,2133.87,2134.17,2114.45,398030000.0,0.0002
2019-01-22,2117.77,2126.03,2129.37,2108.91,419440000.0,-0.0032
2019-01-23,2127.78,2108.72,2131.05,2106.74,408600000.0,0.004699999999999999
2019-01-24,2145.03,2127.88,2145.08,2125.48,413650000.0,0.008100000000000001
2019-01-25,2177.73,2147.92,2178.01,2146.64,410000000.0,0.0152
2019-01-28,2177.3,2184.41,2188.15,2169.17,371620000.0,-0.0002
2019-01-29,2183.36,2172.83,2183.36,2162.53,552590000.0,0.0028000000000000004
2019-01-30,2206.2,2183.49,2206.2,2177.88,480390000.0,0.0105
2019-01-31,2204.85,2222.88,2222.88,2201.22,545250000.0,-0.0006
2019-02-01,2203.46,2211.93,2218.78,2201.41,479380000.0,-0.0006
2019-02-07,2203.42,2215.77,2215.79,2196.77,427840000.0,-0.0
2019-02-08,2177.05,2192.01,2192.48,2171.96,391030000.0,-0.012
2019-02-11,2180.73,2180.54,2181.58,2167.36,406060000.0,0.0017000000000000001
2019-02-12,2190.47,2182.71,2195.05,2178.59,429940000.0,0.0045000000000000005
2019-02-13,2201.48,2200.0,2203.71,2194.75,421990000.0,0.005
2019-02-14,2225.85,2195.92,2225.85,2186.09,573360000.0,0.0111
2019-02-15,2196.09,2210.94,2210.94,2187.71,400590000.0,-0.0134
2019-02-18,2210.89,2207.36,2217.32,2203.0,314370000.0,0.0067
2019-02-19,2205.63,2208.96,2213.87,2193.34,389090000.0,-0.0024
2019-02-20,2229.76,2216.74,2234.68,2213.83,374340000.0,0.0109
2019-02-21,2228.66,2224.26,2234.31,2213.19,382510000.0,-0.0005
2019-02-22,2230.5,2222.32,2230.5,2217.08,409310000.0,0.0008
2019-02-25,2232.56,2241.13,2241.76,2224.64,339230000.0,0.0009
2019-02-26,2226.6,2230.37,2235.7,2221.76,331960000.0,-0.0027
2019-02-27,2234.79,2234.46,2237.77,2228.16,301510000.0,0.0037
2019-02-28,2195.44,2231.58,2233.93,2195.44,510020000.0,-0.0176
2019-03-04,2190.66,2210.97,2216.02,2188.56,373170000.0,-0.0022
2019-03-05,2179.23,2183.35,2185.74,2171.33,313140000.0,-0.0052
2019-03-06,2175.6,2177.11,2179.01,2168.46,328940000.0,-0.0017000000000000001
2019-03-07,2165.79,2173.19,2181.19,2155.19,292580000.0,-0.0045000000000000005
2019-03-08,2137.44,2152.8,2159.67,2137.44,313310000.0,-0.0131
2019-03-11,2138.1,2140.29,2145.31,2125.54,272100000.0,0.0003
2019-03-12,2157.18,2154.61,2161.69,2150.96,355280000.0,0.0089
2019-03-13,2148.41,2152.66,2154.11,2134.16,285600000.0,-0.0040999999999999995
2019-03-14,2155.68,2154.35,2158.34,2142.31,341010000.0,0.0034000000000000002
2019-03-15,2176.11,2152.96,2181.77,2152.59,387140000.0,0.0095
2019-03-18,2179.49,2179.69,2183.9,2172.34,257950000.0,0.0016
2019-03-19,2177.62,2183.03,2183.76,2171.05,319700000.0,-0.0009
2019-03-20,2177.1,2171.41,2177.19,2152.21,317610000.0,-0.0002
2019-03-21,2184.88,2183.11,2200.32,2173.7,342750000.0,0.0036
2019-03-22,2186.95,2192.72,2195.42,2178.77,333620000.0,0.0009
2019-03-25,2144.86,2158.8,2159.25,2143.7,307070000.0,-0.0192
2019-03-26,2148.8,2152.98,2153.9,2143.63,301250000.0,0.0018
2019-03-27,2145.62,2147.19,2152.91,2132.42,363170000.0,-0.0015
2019-03-28,2128.1,2131.25,2136.4,2120.93,288040000.0,-0.008199999999999999
2019-03-29,2140.67,2138.45,2143.3,2124.07,364620000.0,0.0059
2019-04-01,2168.28,2153.31,2171.49,2153.31,263310000.0,0.0129
2019-04-02,2177.18,2177.2,2181.37,2171.84,257450000.0,0.0040999999999999995
2019-04-03,2203.27,2176.81,2203.29,2172.83,358640000.0,0.012
2019-04-04,2206.53,2201.04,2216.15,2198.66,431010000.0,0.0015
2019-04-05,2209.61,2206.36,2214.82,2205.26,517150000.0,0.0014000000000000002
2019-04-08,2210.6,2217.66,2217.87,2202.49,347910000.0,0.0004
2019-04-09,2213.56,2212.32,2221.62,2203.54,414810000.0,0.0013
2019-04-10,2224.39,2206.2,2225.02,2203.82,399690000.0,0.0049
2019-04-11,2224.44,2227.69,2230.41,2217.18,402020000.0,0.0
2019-04-12,2233.45,2221.1,2233.45,2212.88,449630000.0,0.0040999999999999995
2019-04-15,2242.88,2242.31,2251.22,2240.29,404160000.0,0.0042
2019-04-16,2248.63,2241.06,2249.89,2235.72,569060000.0,0.0026
2019-04-17,2245.89,2249.05,2252.05,2242.01,452470000.0,-0.0012
2019-04-18,2213.77,2248.8,2250.11,2210.43,573340000.0,-0.0143
2019-04-19,2216.15,2223.42,2225.37,2215.58,525260000.0,0.0011
2019-04-22,2216.65,2218.5,2227.94,2207.25,493980000.0,0.0002
2019-04-23,2220.51,2217.61,2223.92,2212.14,481180000.0,0.0017000000000000001
2019-04-24,2201.03,2229.75,2229.75,2190.29,575100000.0,-0.0088
2019-04-25,2190.5,2195.47,2200.89,2187.44,441140000.0,-0.0048
2019-04-26,2179.31,2178.13,2186.52,2168.15,570170000.0,-0.0051
2019-04-29,2216.43,2183.41,2216.43,2181.82,380820000.0,0.017
2019-04-30,2203.59,2213.43,2215.77,2186.33,381410000.0,-0.0058
2019-05-02,2212.75,2192.94,2217.03,2191.3,369060000.0,0.0042
2019-05-03,2196.32,2209.44,2211.36,2192.36,617880000.0,-0.0074
2019-05-07,2176.99,2172.39,2179.51,2160.44,484100000.0,-0.0088
2019-05-08,2168.01,2151.34,2179.34,2151.34,456330000.0,-0.0040999999999999995
2019-05-09,2102.01,2159.79,2164.98,2102.01,743510000.0,-0.0304
2019-05-10,2108.04,2118.42,2124.92,2090.39,714770000.0,0.0029
2019-05-13,2079.01,2091.8,2101.09,2077.72,505750000.0,-0.0138
2019-05-14,2081.84,2060.24,2093.41,2056.74,696200000.0,0.0014000000000000002
2019-05-15,2092.78,2081.92,2100.01,2076.46,577790000.0,0.0053
2019-05-16,2067.69,2094.88,2095.58,2062.44,745160000.0,-0.012
2019-05-17,2055.8,2081.57,2082.83,2053.79,537380000.0,-0.0058
2019-05-20,2055.71,2066.53,2077.1,2051.69,640200000.0,-0.0
2019-05-21,2061.25,2056.95,2076.47,2053.69,526860000.0,0.0027
2019-05-22,2064.86,2068.65,2070.8,2048.01,509970000.0,0.0018
2019-05-23,2059.59,2063.25,2065.86,2046.82,509270000.0,-0.0026
2019-05-24,2045.31,2047.3,2057.38,2035.98,480650000.0,-0.0069
2019-05-27,2044.21,2044.25,2055.13,2035.87,351620000.0,-0.0005
2019-05-28,2048.83,2044.77,2058.42,2038.52,494480000.0,0.0023
2019-05-29,2023.32,2046.71,2046.71,2016.25,380890000.0,-0.0125
2019-05-30,2038.8,2024.33,2040.66,2023.91,461850000.0,0.0077
2019-05-31,2041.74,2029.03,2048.9,2022.97,439180000.0,0.0014000000000000002
2019-06-03,2067.85,2031.03,2070.58,2029.17,387140000.0,0.0128
2019-06-04,2066.97,2066.78,2072.19,2060.98,435990000.0,-0.0004
2019-06-05,2069.11,2084.16,2086.49,2065.71,380160000.0,0.001
2019-06-07,2072.33,2070.78,2081.16,2057.97,368390000.0,0.0016
2019-06-10,2099.49,2087.37,2099.65,2075.51,457640000.0,0.0131
2019-06-11,2111.81,2096.09,2114.57,2094.6,550740000.0,0.0059
2019-06-12,2108.75,2111.66,2118.89,2104.41,693510000.0,-0.0014000000000000002
2019-06-13,2103.15,2104.46,2108.01,2081.92,553390000.0,-0.0027
2019-06-14,2095.41,2096.32,2103.02,2087.47,473370000.0,-0.0037
2019-06-17,2090.73,2091.71,2103.59,2087.25,561550000.0,-0.0022
2019-06-18,2098.71,2089.31,2103.02,2089.31,600960000.0,0.0038
2019-06-19,2124.78,2119.54,2126.74,2117.64,862980000.0,0.0124
2019-06-20,2131.29,2121.78,2131.77,2120.42,1010000000.0,0.0031
2019-06-21,2125.62,2132.38,2132.68,2120.15,692030000.0,-0.0027
2019-06-24,2126.33,2130.32,2134.48,2123.88,669640000.0,0.0003
2019-06-25,2121.64,2125.74,2136.24,2115.11,643000000.0,-0.0022
2019-06-26,2121.85,2120.2,2128.25,2115.72,736850000.0,0.0001
2019-06-27,2134.32,2120.73,2141.27,2118.22,644900000.0,0.0059
2019-06-28,2130.62,2135.06,2139.24,2123.97,537270000.0,-0.0017000000000000001
2019-07-01,2129.74,2147.24,2147.24,2126.87,412290000.0,-0.0004
2019-07-02,2122.02,2122.07,2130.86,2112.52,460830000.0,-0.0036
2019-07-03,2096.02,2120.75,2127.71,2093.32,522710000.00000006,-0.0123
2019-07-04,2108.73,2102.36,2108.8,2088.97,446930000.0,0.0060999999999999995
2019-07-05,2110.59,2111.0,2115.43,2096.23,459390000.0,0.0009
2019-07-08,2064.17,2091.91,2092.54,2063.78,515950000.00000006,-0.022000000000000002
2019-07-09,2052.03,2070.35,2075.3,2052.03,440120000.0,-0.0059
2019-07-10,2058.78,2061.55,2068.2,2056.48,355680000.0,0.0033
2019-07-11,2080.58,2070.59,2088.24,2070.21,376680000.0,0.0106
2019-07-12,2086.66,2083.53,2090.43,2077.35,403940000.0,0.0029
2019-07-15,2082.48,2083.39,2088.34,2073.1,463520000.0,-0.002
2019-07-16,2091.87,2084.46,2096.67,2078.74,682800000.0,0.0045000000000000005
2019-07-17,2072.92,2079.91,2080.01,2063.49,761630000.0,-0.0091
2019-07-18,2066.55,2068.66,2073.2,2061.33,446640000.0,-0.0031
2019-07-19,2094.36,2080.21,2096.73,2076.51,394900000.0,0.013500000000000002
2019-07-22,2093.34,2090.35,2099.34,2087.51,332630000.0,-0.0005
2019-07-23,2101.45,2095.76,2106.39,2095.38,648120000.0,0.0039000000000000003
2019-07-24,2082.3,2097.16,2105.68,2080.66,851390000.0,-0.0091
2019-07-25,2074.48,2085.67,2088.81,2061.08,598630000.0,-0.0038
2019-07-26,2066.26,2063.35,2068.16,2054.64,589070000.0,-0.004
2019-07-29,2029.48,2059.13,2063.13,2025.01,608670000.0,-0.0178
2019-07-30,2038.68,2035.32,2044.59,2032.61,547030000.0,0.0045000000000000005
2019-07-31,2024.55,2036.46,2041.16,2010.95,589390000.0,-0.0069
2019-08-01,2017.34,2015.09,2032.23,2009.33,461740000.0,-0.0036
2019-08-02,1998.13,1995.31,2005.31,1987.12,438540000.0,-0.0095
2019-08-05,1946.98,1985.93,1987.64,1945.39,639600000.0,-0.0256
2019-08-06,1917.5,1900.36,1948.53,1891.81,739590000.0,-0.0151
2019-08-07,1909.71,1925.33,1929.29,1901.61,760780000.0,-0.0040999999999999995
2019-08-08,1920.61,1926.28,1937.95,1915.81,777160000.0,0.005699999999999999
2019-08-09,1937.75,1940.06,1946.94,1936.14,654340000.0,0.0089
2019-08-12,1942.29,1941.53,1949.19,1933.25,427140000.0,0.0023
2019-08-13,1925.83,1928.76,1937.68,1923.58,660040000.0,-0.0085
2019-08-14,1938.37,1946.18,1952.22,1937.23,699590000.0,0.006500000000000001
2019-08-16,1927.17,1921.49,1927.7,1911.72,421680000.0,-0.0058
2019-08-19,1939.9,1936.64,1943.09,1931.44,481020000.0,0.0066
2019-08-20,1960.25,1942.99,1964.16,1937.53,463600000.0,0.0105
2019-08-21,1964.65,1954.57,1971.12,1954.47,391570000.0,0.0022
2019-08-22,1951.01,1966.6,1967.96,1951.01,435560000.0,-0.0069
2019-08-23,1948.3,1942.42,1953.85,1940.6,381090000.0,-0.0014000000000000002
2019-08-26,1916.31,1915.34,1924.49,1909.92,324850000.0,-0.016399999999999998
2019-08-27,1924.6,1928.98,1937.42,1919.28,427040000.0,0.0043
2019-08-28,1941.09,1929.96,1943.62,1926.43,284340000.0,0.0086
2019-08-29,1933.41,1943.55,1947.15,1928.49,285100000.0,-0.004
2019-08-30,1967.79,1951.66,1971.21,1951.3,317730000.0,0.0178
2019-09-02,1969.19,1961.19,1973.25,1958.59,262149999.99999997,0.0007000000000000001
2019-09-03,1965.69,1966.5,1976.37,1960.15,342080000.0,-0.0018
2019-09-04,1988.53,1962.43,1988.53,1962.08,348720000.0,0.0116
2019-09-05,2004.75,1993.62,2015.39,1992.51,488070000.0,0.008199999999999999
2019-09-06,2009.13,2016.11,2017.2,2005.69,384440000.0,0.0022
2019-09-09,2019.55,2013.38,2029.8,2013.28,511820000.0,0.0052
2019-09-10,2032.08,2024.79,2034.28,2021.58,504390000.0,0.0062
2019-09-11,2049.2,2043.72,2050.8,2040.04,429080000.0,0.0084
2019-09-16,2062.22,2056.26,2062.22,2044.8,493520000.0,0.0064
2019-09-17,2062.33,2058.72,2066.33,2055.17,508000000.0,0.0001
2019-09-18,2070.73,2064.42,2075.63,2058.52,613150000.0,0.0040999999999999995
2019-09-19,2080.35,2070.53,2089.81,2070.53,493040000.0,0.0046
2019-09-20,2091.52,2080.86,2092.37,2077.3,589920000.0,0.0054
2019-09-23,2091.7,2087.7,2095.54,2085.6,420950000.0,0.0001
2019-09-24,2101.04,2090.19,2101.63,2085.91,535770000.0,0.0045000000000000005
2019-09-25,2073.39,2093.47,2095.27,2072.41,651550000.0,-0.0132
2019-09-26,2074.52,2082.66,2087.33,2064.34,430580000.0,0.0005
2019-09-27,2049.93,2066.96,2066.96,2044.75,285940000.0,-0.011899999999999999
2019-09-30,2063.05,2045.77,2064.99,2042.01,327620000.0,0.0064
2019-10-01,2072.42,2062.44,2077.48,2057.91,389340000.0,0.0045000000000000005
2019-10-02,2031.91,2058.23,2058.23,2031.91,414460000.0,-0.0195
2019-10-04,2020.69,2028.4,2039.43,2020.69,402940000.0,-0.0055000000000000005
2019-10-07,2021.73,2031.53,2034.94,2016.19,322180000.0,0.0005
2019-10-08,2046.25,2029.37,2046.81,2024.63,437520000.0,0.0121
2019-10-10,2028.15,2030.13,2040.88,2010.9,445850000.0,-0.0088
2019-10-11,2044.61,2048.08,2053.94,2040.48,381150000.0,0.008100000000000001
2019-10-14,2067.4,2068.13,2075.1,2065.53,511220000.0,0.0111
2019-10-15,2068.17,2064.78,2073.21,2064.34,464530000.0,0.0004
2019-10-16,2082.83,2080.92,2090.01,2073.8,524539999.99999994,0.0070999999999999995
2019-10-17,2077.94,2081.76,2087.15,2072.49,314180000.0,-0.0023
2019-10-18,2060.69,2082.23,2088.54,2057.89,516690000.00000006,-0.0083
2019-10-21,2064.84,2067.97,2067.97,2059.33,606110000.0,0.002
2019-10-22,2088.86,2076.29,2093.81,2073.08,504060000.0,0.0116
2019-10-23,2080.62,2086.81,2088.25,2074.88,429450000.0,-0.0039000000000000003
2019-10-24,2085.66,2089.85,2089.85,2067.9,367720000.0,0.0024
2019-10-25,2087.89,2091.16,2091.24,2079.3,348690000.0,0.0011
2019-10-28,2093.6,2096.67,2104.39,2089.76,269230000.0,0.0027
2019-10-29,2092.69,2103.92,2105.17,2088.04,357660000.0,-0.0004
2019-10-30,2080.27,2093.51,2093.51,2075.54,415550000.0,-0.0059
2019-10-31,2083.48,2089.22,2103.71,2083.48,461320000.0,0.0015
2019-11-01,2100.2,2084.79,2100.42,2081.53,418310000.0,0.008
2019-11-04,2130.24,2111.32,2130.83,2111.32,476260000.0,0.0143
2019-11-05,2142.64,2133.66,2143.12,2128.7,400640000.0,0.0058
2019-11-06,2144.15,2142.69,2156.23,2138.83,410080000.0,0.0007000000000000001
2019-11-07,2144.29,2141.05,2147.01,2135.45,425660000.0,0.0001
2019-11-08,2137.23,2154.18,2155.94,2133.75,574130000.0,-0.0033
2019-11-11,2124.09,2139.07,2139.07,2119.07,617270000.0,-0.0060999999999999995
2019-11-12,2140.92,2131.26,2140.94,2121.8,610430000.0,0.0079
2019-11-13,2122.45,2132.48,2133.37,2118.67,664360000.0,-0.0086
2019-11-14,2139.23,2127.54,2139.23,2121.32,521110000.0,0.0079
2019-11-15,2162.18,2137.96,2165.02,2135.26,556250000.0,0.010700000000000001
2019-11-18,2160.69,2161.89,2165.89,2151.97,489230000.0,-0.0007000000000000001
2019-11-19,2153.24,2151.04,2154.41,2137.01,826880000.0,-0.0034000000000000002
2019-11-20,2125.32,2140.06,2145.97,2123.8,581060000.0,-0.013000000000000001
2019-11-21,2096.6,2123.65,2125.36,2088.19,579550000.0,-0.013500000000000002
2019-11-22,2101.96,2098.89,2106.42,2093.99,519850000.0,0.0026
2019-11-25,2123.5,2117.14,2130.04,2116.07,397680000.0,0.0102
2019-11-26,2121.35,2129.27,2139.64,2120.85,532600000.0,-0.001
2019-11-27,2127.85,2134.47,2136.3,2118.07,367800000.0,0.0031
2019-11-28,2118.6,2116.93,2127.75,2116.58,335230000.0,-0.0043
2019-11-29,2087.96,2125.53,2125.53,2085.1,433260000.0,-0.014499999999999999
2019-12-02,2091.92,2097.55,2103.87,2088.92,385340000.0,0.0019
2019-12-03,2084.07,2075.02,2085.71,2066.6,450040000.0,-0.0038
2019-12-04,2068.89,2070.84,2072.91,2057.45,347000000.0,-0.0073
2019-12-05,2060.74,2078.31,2084.29,2053.56,472190000.0,-0.0039000000000000003
2019-12-06,2081.85,2072.44,2084.44,2070.17,440190000.0,0.0102
2019-12-09,2088.65,2091.94,2093.81,2084.31,393130000.0,0.0033
2019-12-10,2098.0,2081.22,2100.48,2080.16,500060000.0,0.0045000000000000005
2019-12-11,2105.62,2098.28,2109.22,2092.48,668730000.0,0.0036
2019-12-12,2137.35,2120.13,2138.93,2120.13,584640000.0,0.0151
2019-12-13,2170.25,2164.63,2170.25,2159.45,540030000.0,0.0154
2019-12-16,2168.15,2168.05,2175.01,2166.29,377050000.0,-0.001
2019-12-17,2195.68,2179.4,2196.01,2171.09,599530000.0,0.0127
2019-12-18,2194.76,2194.92,2204.04,2187.32,591110000.0,-0.0004
2019-12-19,2196.56,2199.42,2204.73,2186.59,643140000.0,0.0008
2019-12-20,2204.18,2205.57,2206.82,2194.8,646680000.0,0.0034999999999999996
2019-12-23,2203.71,2208.22,2209.2,2196.43,502030000.0,-0.0002
2019-12-24,2190.08,2206.23,2206.23,2187.58,569970000.0,-0.0062
2019-12-26,2197.93,2192.22,2198.01,2183.9,571310000.0,0.0036
2019-12-27,2204.21,2183.7,2215.55,2177.4,490170000.0,0.0029
2019-12-30,2197.67,2202.62,2208.04,2195.65,416400000.0,-0.003
2020-01-02,2175.17,2201.21,2202.32,2171.84,494680000.0,-0.0102
2020-01-03,2176.46,2192.58,2203.38,2165.39,631560000.0,0.0006
2020-01-06,2155.07,2154.97,2164.42,2149.95,592670000.0,-0.0098
2020-01-07,2175.54,2166.6,2181.62,2164.27,568240000.0,0.0095
2020-01-08,2151.31,2156.27,2162.32,2137.72,913830000.0,-0.0111
2020-01-09,2186.45,2182.2,2186.45,2172.16,592600000.0,0.0163
2020-01-10,2206.39,2189.48,2206.92,2188.1,594540000.0,0.0091
2020-01-13,2229.26,2204.49,2230.43,2204.49,488290000.0,0.0104
2020-01-14,2238.88,2243.06,2250.79,2232.94,835900000.0,0.0043
2020-01-15,2230.98,2229.8,2238.21,2223.39,746160000.0,-0.0034999999999999996
2020-01-16,2248.05,2231.93,2249.09,2225.41,808330000.0,0.0077
2020-01-17,2250.57,2261.57,2268.71,2245.58,580820000.0,0.0011
2020-01-20,2262.64,2261.4,2277.23,2258.09,545490000.0,0.0054
2020-01-21,2239.69,2259.81,2266.31,2238.25,770320000.0,-0.0101
2020-01-22,2267.25,2238.53,2269.27,2235.13,608510000.0,0.0123
2020-01-23,2246.13,2254.54,2260.63,2241.94,509610000.0,-0.009300000000000001
2020-01-28,2176.72,2192.22,2199.93,2166.23,808880000.0,-0.030899999999999997
2020-01-29,2185.28,2188.18,2195.45,2172.33,692300000.0,0.0039000000000000003
2020-01-30,2148.0,2181.54,2187.45,2139.72,602840000.0,-0.0171
2020-01-31,2119.01,2160.6,2167.23,2119.01,710510000.0,-0.013500000000000002
2020-02-03,2118.88,2086.61,2126.73,2082.74,836700000.0,-0.0001
2020-02-04,2157.9,2121.22,2162.32,2120.53,624640000.0,0.0184
2020-02-05,2165.63,2177.26,2181.52,2154.88,574400000.0,0.0036
2020-02-06,2227.94,2184.77,2229.99,2182.25,695220000.0,0.0288
2020-02-07,2211.95,2221.49,2223.92,2198.14,800340000.0,-0.0072
2020-02-10,2201.07,2185.63,2203.39,2180.51,609570000.0,-0.0049
2020-02-11,2223.12,2213.5,2233.32,2211.25,526210000.00000006,0.01
2020-02-12,2238.38,2225.95,2242.24,2214.77,632460000.0,0.0069
2020-02-13,2232.96,2245.72,2255.49,2230.3,638670000.0,-0.0024
2020-02-14,2243.59,2232.71,2251.5,2221.9,597220000.0,0.0048
2020-02-17,2242.17,2243.07,2250.05,2230.26,458250000.0,-0.0006
2020-02-18,2208.88,2225.98,2232.93,2205.21,470420000.0,-0.0148
2020-02-19,2210.34,2222.51,2226.0,2191.2,591160000.0,0.0007000000000000001
2020-02-20,2195.5,2223.55,2228.18,2186.72,709560000.0,-0.0067
2020-02-21,2162.84,2165.65,2184.43,2160.28,635470000.0,-0.0149
2020-02-24,2079.04,2114.04,2120.06,2079.03,948620000.0,-0.0387
2020-02-25,2103.61,2075.55,2105.49,2071.5,1570000000.0,0.0118
2020-02-26,2076.77,2064.07,2089.64,2059.13,810940000.0,-0.0128
2020-02-27,2054.89,2073.87,2085.4,2049.15,562770000.0,-0.0105
2020-02-28,1987.01,2020.17,2031.01,1980.82,671550000.0,-0.033
2020-03-02,2002.51,1997.03,2017.07,1969.34,528100000.0,0.0078000000000000005
2020-03-03,2014.15,2051.85,2051.85,2009.39,615690000.0,0.0058
2020-03-04,2059.33,2005.81,2063.59,2005.81,606290000.0,0.022400000000000003
2020-03-05,2085.26,2078.11,2089.08,2059.99,675200000.0,0.0126
2020-03-06,2040.22,2053.09,2062.57,2032.13,865590000.0,-0.0216
2020-03-09,1954.77,1981.02,1989.5,1946.9,666870000.0,-0.04190000000000001
2020-03-10,1962.93,1942.85,1968.17,1934.72,638560000.0,0.0042
2020-03-11,1908.27,1965.67,1967.7,1898.27,679720000.0,-0.0278
2020-03-12,1834.33,1887.97,1897.23,1808.56,850340000.0,-0.0387
2020-03-13,1771.44,1722.68,1809.31,1680.6,1040000000.0,-0.034300000000000004
2020-03-16,1714.86,1805.43,1805.43,1714.38,682000000.0,-0.0319
2020-03-17,1672.44,1640.84,1722.97,1637.88,649780000.0,-0.024700000000000003
2020-03-18,1591.2,1686.12,1693.95,1591.12,728010000.0,-0.048600000000000004
2020-03-19,1457.64,1626.09,1626.09,1439.43,977670000.0,-0.0839
2020-03-20,1566.15,1498.49,1566.82,1466.48,817020000.0,0.07440000000000001
2020-03-23,1482.46,1474.45,1516.75,1458.41,647530000.0,-0.053399999999999996
2020-03-24,1609.97,1523.69,1609.97,1508.68,679290000.0,0.086
2020-03-25,1704.76,1668.19,1707.64,1645.28,872810000.0,0.058899999999999994
2020-03-26,1686.24,1699.11,1735.75,1679.23,992470000.0,-0.0109
2020-03-27,1717.73,1756.07,1759.05,1668.21,1080000000.0,0.0187
2020-03-30,1717.12,1670.34,1729.63,1659.95,767780000.0,-0.0004
2020-03-31,1754.64,1739.29,1757.81,1722.62,1040000000.0,0.0219
2020-04-01,1685.46,1737.28,1762.44,1685.37,1240000000.0,-0.0394
2020-04-02,1724.86,1693.53,1726.76,1664.13,766310000.0,0.023399999999999997
2020-04-03,1725.44,1731.17,1743.91,1706.68,1000000000.0,0.0003
2020-04-06,1791.88,1745.25,1794.19,1742.67,1220000000.0,0.0385
2020-04-07,1823.6,1826.72,1838.97,1791.92,951740000.0,0.0177
2020-04-08,1807.14,1815.75,1842.16,1801.8,907490000.0,-0.009000000000000001
2020-04-09,1836.21,1838.09,1839.33,1818.3,920570000.0,0.0161
2020-04-10,1860.7,1835.76,1861.1,1824.43,992550000.0,0.013300000000000001
2020-04-13,1825.76,1853.3,1853.3,1825.76,1020000000.0,-0.018799999999999997
2020-04-14,1857.08,1846.41,1864.46,1837.17,886770000.0,0.0172
2020-04-16,1857.07,1839.51,1862.23,1828.13,878340000.0,-0.0
2020-04-17,1914.53,1893.31,1926.02,1893.19,1670000000.0,0.030899999999999997
2020-04-20,1898.36,1908.34,1925.25,1893.17,1090000000.0,-0.0084
2020-04-21,1879.38,1886.78,1898.32,1841.66,1170000000.0,-0.01
2020-04-22,1896.15,1855.51,1897.9,1844.85,820360000.0,0.0089
2020-04-23,1914.73,1907.45,1923.53,1895.98,683720000.0,0.0098
2020-04-24,1889.01,1906.07,1908.29,1880.71,933920000.0,-0.0134
2020-04-27,1922.77,1897.06,1929.82,1894.62,735660000.0,0.0179
2020-04-28,1934.09,1931.25,1941.79,1911.63,1170000000.0,0.0059
2020-04-29,1947.56,1936.89,1957.51,1934.31,1980000000.0,0.006999999999999999
2020-05-04,1895.37,1906.42,1918.66,1894.29,1150000000.0,-0.0268
2020-05-06,1928.76,1919.45,1928.76,1902.55,1080000000.0,0.0176
2020-05-07,1928.61,1922.0,1938.5,1918.57,775660000.0,-0.0001
2020-05-08,1945.82,1944.94,1956.89,1942.54,784770000.0,0.0089
2020-05-11,1935.4,1953.51,1960.46,1932.87,591280000.0,-0.0054
2020-05-12,1922.17,1938.62,1938.62,1905.17,799930000.0,-0.0068000000000000005
2020-05-13,1940.42,1897.5,1940.42,1897.24,618780000.0,0.0095
2020-05-14,1924.96,1922.44,1931.43,1913.49,760650000.0,-0.008
2020-05-15,1927.28,1937.63,1938.59,1913.21,866360000.0,0.0012
2020-05-18,1937.11,1934.51,1943.07,1921.14,761690000.0,0.0051
2020-05-19,1980.61,1977.47,1983.77,1968.59,773410000.0,0.0225
2020-05-20,1989.64,1972.12,1992.2,1972.12,699450000.0,0.0046
2020-05-21,1998.31,2003.2,2004.95,1993.0,601200000.0,0.0044
2020-05-22,1970.13,2001.6,2002.65,1961.4,847470000.0,-0.0141
2020-05-25,1994.6,1980.51,1994.9,1967.84,641460000.0,0.0124
2020-05-26,2029.78,2001.0,2029.89,1997.94,1020000000.0,0.0176
2020-05-27,2031.2,2027.9,2043.44,2019.82,1180000000.0,0.0007000000000000001
2020-05-28,2028.54,2047.08,2054.52,2003.75,1170000000.0,-0.0013
2020-05-29,2029.6,2018.37,2038.89,2006.62,1090000000.0,0.0005
2020-06-01,2065.08,2037.04,2065.38,2035.63,997350000.0,0.0175
2020-06-02,2087.19,2061.45,2089.43,2059.14,1000000000.0,0.010700000000000001
2020-06-03,2147.0,2108.55,2156.55,2107.69,1150000000.0,0.0287
2020-06-04,2151.18,2181.64,2191.0,2139.68,1390000000.0,0.0019
2020-06-05,2181.87,2151.17,2187.25,2138.18,854590000.0,0.0143
2020-06-08,2184.29,2215.6,2217.21,2174.96,854040000.0,0.0011
2020-06-09,2188.92,2206.23,2212.17,2166.01,817080000.0,0.0021
2020-06-10,2195.69,2187.91,2200.68,2178.12,706290000.0,0.0031
2020-06-11,2176.78,2184.36,2200.72,2148.51,827380000.0,-0.0086
2020-06-12,2132.3,2088.24,2137.12,2084.63,689900000.0,-0.0204
2020-06-15,2030.82,2114.41,2129.67,2030.82,1070000000.0000001,-0.047599999999999996
2020-06-16,2138.05,2091.09,2138.08,2079.02,973640000.0,0.0528
2020-06-17,2141.05,2133.18,2154.37,2105.26,927520000.0,0.0014000000000000002
2020-06-18,2133.48,2134.35,2145.13,2120.29,767180000.0,-0.0034999999999999996
2020-06-19,2141.32,2153.09,2153.57,2108.91,1080000000.0,0.0037
2020-06-22,2126.73,2126.38,2142.88,2122.1,789370000.0,-0.0068000000000000005
2020-06-23,2131.24,2149.13,2158.15,2110.51,917570000.0,0.0021
2020-06-24,2161.51,2145.93,2171.86,2143.91,913900000.0,0.014199999999999999
2020-06-25,2112.37,2130.45,2143.33,2112.37,1020000000.0,-0.0227
2020-06-26,2134.65,2137.47,2142.04,2115.25,761040000.0,0.0105
2020-06-29,2093.48,2105.54,2120.5,2087.84,643160000.0,-0.019299999999999998
2020-06-30,2108.33,2124.38,2134.38,2108.26,708600000.0,0.0070999999999999995
2020-07-01,2106.7,2128.81,2133.55,2101.33,1120000000.0,-0.0008
2020-07-02,2135.37,2116.72,2135.37,2113.98,1090000000.0,0.013600000000000001
2020-07-03,2152.41,2147.89,2153.54,2135.3,770050000.0,0.008
2020-07-06,2187.93,2158.95,2191.28,2157.71,666900000.0,0.0165
2020-07-07,2164.17,2202.04,2206.79,2164.03,847430000.0,-0.0109
2020-07-08,2158.88,2166.76,2173.83,2150.89,677810000.0,-0.0024
2020-07-09,2167.9,2171.15,2181.48,2166.74,619370000.0,0.0042
2020-07-10,2150.25,2171.44,2171.52,2140.29,886990000.0,-0.008100000000000001
2020-07-13,2186.06,2170.51,2188.8,2163.07,650230000.0,0.0167
2020-07-14,2183.61,2176.43,2183.61,2165.6,810950000.0,-0.0011
2020-07-15,2201.88,2208.73,2216.97,2190.66,830270000.0,0.0084
2020-07-16,2183.76,2203.3,2207.34,2177.82,784640000.0,-0.008199999999999999
2020-07-17,2201.19,2187.85,2204.2,2187.85,569300000.0,0.008
2020-07-20,2198.2,2209.59,2209.59,2183.83,686820000.0,-0.0014000000000000002
2020-07-21,2228.83,2219.19,2234.86,2214.28,918480000.0,0.0139
2020-07-22,2228.66,2228.2,2238.86,2221.62,856220000.0,-0.0001
2020-07-23,2216.19,2227.24,2227.24,2202.99,934540000.0,-0.005600000000000001
2020-07-24,2200.44,2196.73,2219.57,2195.49,1000000000.0,-0.0070999999999999995
2020-07-27,2217.86,2203.48,2231.25,2203.48,928620000.0,0.0079
2020-07-28,2256.99,2238.19,2266.0,2237.21,866720000.0,0.0176
2020-07-29,2263.16,2258.35,2276.79,2252.24,899490000.0,0.0027
2020-07-30,2267.01,2275.33,2281.33,2263.81,713040000.0,0.0017000000000000001
2020-07-31,2249.37,2278.53,2281.41,2248.49,739690000.0,-0.0078000000000000005
2020-08-03,2251.04,2251.65,2254.38,2237.04,648460000.0,0.0007000000000000001
2020-08-04,2279.97,2272.33,2284.66,2269.69,722910000.0,0.0129
2020-08-05,2311.86,2289.23,2312.14,2283.95,841300000.0,0.013999999999999999
2020-08-06,2342.61,2322.64,2352.48,2322.64,797150000.0,0.013300000000000001
2020-08-07,2351.67,2349.25,2362.24,2333.62,812590000.0,0.0039000000000000003
2020-08-10,2386.38,2353.92,2390.51,2349.33,784620000.0,0.0148
2020-08-11,2418.67,2396.11,2429.36,2396.11,843440000.0,0.013500000000000002
2020-08-12,2432.35,2414.78,2432.35,2393.27,763730000.0,0.005699999999999999
2020-08-13,2437.53,2455.28,2458.17,2412.49,907220000.0,0.0021
2020-08-14,2407.49,2427.85,2435.0,2383.69,968120000.0,-0.0123
2020-08-18,2348.24,2405.84,2419.65,2336.78,909750000.0,-0.0246
2020-08-19,2360.54,2370.87,2380.1,2353.17,637960000.0,0.0052
2020-08-20,2274.22,2339.91,2357.08,2270.85,903740000.0,-0.0366
2020-08-21,2304.59,2306.16,2329.34,2280.97,865730000.0,0.0134
2020-08-24,2329.83,2309.38,2332.33,2283.48,649280000.0,0.011000000000000001
2020-08-25,2366.73,2352.15,2369.78,2340.97,771580000.0,0.0158
2020-08-26,2369.32,2367.74,2374.68,2336.98,956480000.0,0.0011
2020-08-27,2344.45,2371.95,2373.36,2344.38,913920000.0,-0.0105
2020-08-28,2353.8,2362.22,2379.26,2345.28,1300000000.0,0.004
2020-08-31,2326.17,2377.09,2381.5,2326.06,1650000000.0,-0.011699999999999999
2020-09-01,2349.55,2340.19,2355.9,2331.23,1090000000.0,0.0101
2020-09-02,2364.37,2363.43,2369.57,2341.29,1430000000.0,0.0063
2020-09-03,2395.9,2383.26,2401.78,2382.23,981550000.0,0.013300000000000001
2020-09-04,2368.25,2332.68,2371.02,2332.68,1350000000.0,-0.0115
2020-09-07,2384.22,2369.85,2387.49,2362.42,1200000000.0,0.0067
2020-09-08,2401.91,2402.66,2407.56,2391.43,979360000.0,0.0074
2020-09-09,2375.81,2372.53,2388.85,2369.12,946250000.0,-0.0109
2020-09-10,2396.48,2404.83,2406.68,2388.56,1060000000.0,0.0087
2020-09-11,2396.69,2389.76,2397.56,2374.0,882880000.0,0.0001
2020-09-14,2427.91,2418.33,2429.07,2410.79,963080000.0,0.013000000000000001
2020-09-15,2443.58,2434.59,2444.57,2423.79,849970000.0,0.006500000000000001
2020-09-16,2435.92,2442.72,2450.53,2429.94,772940000.0,-0.0031
2020-09-17,2406.17,2430.77,2437.02,2398.69,853740000.0,-0.012199999999999999
2020-09-18,2412.4,2413.53,2417.81,2396.33,756520000.0,0.0026
2020-09-21,2389.39,2412.44,2427.17,2379.38,1040000000.0,-0.0095
2020-09-22,2332.59,2388.14,2388.49,2323.58,1050000000.0,-0.023799999999999998
2020-09-23,2333.24,2352.56,2354.46,2287.44,735040000.0,0.0003
2020-09-24,2272.7,2295.62,2309.74,2268.88,714880000.0,-0.0259
2020-09-25,2278.79,2295.19,2296.36,2267.63,697960000.0,0.0027
2020-09-28,2308.08,2301.16,2314.81,2291.32,605980000.0,0.0129
2020-09-29,2327.89,2331.51,2339.83,2320.04,646220000.0,0.0086
2020-10-05,2358.0,2330.55,2364.73,2327.83,763620000.0,0.0129
2020-10-06,2365.9,2369.17,2378.28,2355.39,861750000.0,0.0034000000000000002
2020-10-07,2386.94,2350.82,2387.45,2347.82,737990000.0,0.0089
2020-10-08,2391.96,2408.49,2409.01,2383.82,961730000.0,0.0021
2020-10-12,2403.73,2404.18,2409.42,2393.74,843570000.0,0.0049
2020-10-13,2403.15,2416.85,2418.89,2385.87,724920000.0,-0.0002
2020-10-14,2380.48,2403.74,2405.56,2375.54,901180000.0,-0.009399999999999999
2020-10-15,2361.21,2375.91,2376.73,2348.74,1170000000.0,-0.008100000000000001
2020-10-16,2341.53,2363.88,2370.73,2325.03,920200000.0,-0.0083
2020-10-19,2346.74,2352.92,2364.25,2344.77,931640000.0,0.0022
2020-10-20,2358.41,2333.56,2358.41,2322.06,874290000.0,0.005
2020-10-21,2370.86,2363.03,2371.74,2356.32,812840000.0,0.0053
2020-10-22,2355.05,2355.61,2360.22,2339.73,815610000.0,-0.0067
2020-10-23,2360.81,2364.84,2368.57,2344.49,890380000.0,0.0024
2020-10-26,2343.91,2366.5,2374.5,2342.58,822270000.0,-0.0072
2020-10-27,2330.84,2328.66,2349.33,2321.23,666940000.0,-0.005600000000000001
2020-10-28,2345.26,2324.18,2345.46,2316.47,705770000.0,0.0062
2020-10-29,2326.67,2312.34,2330.17,2299.91,509770000.0,-0.0079
2020-10-30,2267.15,2319.56,2320.2,2266.93,795590000.0,-0.0256
2020-11-02,2300.16,2276.61,2302.64,2267.95,678500000.0,0.0146
2020-11-03,2343.31,2315.81,2344.77,2315.3,887440000.0,0.018799999999999997
2020-11-04,2357.32,2361.32,2371.14,2339.95,986790000.0,0.006
2020-11-05,2413.79,2373.41,2413.79,2370.85,702040000.0,0.024
2020-11-06,2416.5,2421.79,2431.11,2404.97,825570000.0,0.0011
2020-11-09,2447.2,2438.63,2459.15,2434.52,1350000000.0,0.0127
2020-11-10,2452.83,2453.95,2457.94,2435.59,1460000000.0,0.0023
2020-11-11,2485.87,2459.5,2488.04,2459.5,1270000000.0,0.013500000000000002
2020-11-12,2475.62,2482.68,2488.79,2467.04,1280000000.0,-0.0040999999999999995
2020-11-13,2493.87,2470.12,2495.77,2460.96,1070000000.0000001,0.0074
2020-11-16,2543.03,2507.46,2546.37,2507.46,1240000000.0,0.0197
2020-11-17,2539.15,2544.12,2556.09,2533.34,1270000000.0,-0.0015
2020-11-18,2545.64,2548.85,2553.95,2536.78,923500000.0,0.0026
2020-11-19,2547.42,2536.89,2548.95,2529.53,976480000.0,0.0007000000000000001
2020-11-20,2553.5,2544.06,2558.21,2539.79,1130000000.0,0.0024
2020-11-23,2602.59,2560.04,2605.58,2553.7,1650000000.0,0.0192
2020-11-24,2617.76,2616.28,2628.52,2605.03,1360000000.0,0.0058
2020-11-25,2601.54,2637.34,2642.26,2583.41,1410000000.0,-0.0062
2020-11-26,2625.91,2605.73,2625.97,2592.43,1390000000.0,0.009399999999999999
2020-11-27,2633.45,2624.8,2635.0,2618.47,1200000000.0,0.0029
2020-11-30,2591.34,2648.05,2648.66,2591.34,1310000000.0,-0.016
2020-12-01,2634.25,2613.42,2638.87,2611.67,1150000000.0,0.0166
2020-12-02,2675.9,2645.88,2677.26,2644.53,1080000000.0,0.0158
2020-12-03,2696.22,2686.38,2696.22,2672.85,817070000.0,0.0076
2020-12-04,2731.45,2705.34,2742.77,2705.34,1780000000.0,0.0131
2020-12-07,2745.44,2738.11,2754.01,2711.42,1500000000.0,0.0051
2020-12-08,2700.93,2745.13,2747.45,2700.92,1420000000.0,-0.016200000000000003
2020-12-09,2755.47,2703.3,2755.47,2703.3,1250000000.0,0.0202
2020-12-10,2746.46,2750.34,2765.46,2718.7,1230000000.0,-0.0033
2020-12-11,2770.06,2754.16,2781.04,2754.16,1220000000.0,0.0086
2020-12-14,2762.2,2769.43,2782.79,2755.29,1110000000.0,-0.0028000000000000004
2020-12-15,2756.82,2763.65,2769.37,2735.08,1090000000.0,-0.0019
2020-12-16,2771.79,2763.64,2781.08,2761.5,1170000000.0,0.0054
2020-12-17,2770.43,2769.89,2772.71,2742.25,1020000000.0,-0.0005
2020-12-18,2772.18,2770.95,2782.15,2762.8,1060000000.0,0.0006
2020-12-21,2778.65,2771.98,2780.24,2747.09,1140000000.0,0.0023
2020-12-22,2733.68,2772.03,2774.22,2733.64,1260000000.0,-0.016200000000000003
2020-12-23,2759.82,2737.74,2769.08,2716.28,1120000000.0,0.0096
2020-12-24,2806.86,2762.6,2812.16,2762.6,1030000000.0,0.017
2020-12-28,2808.6,2820.95,2834.59,2799.56,1010000000.0,0.0006
2020-12-29,2820.51,2810.55,2823.44,2792.06,1050000000.0,0.0042
2020-12-30,2873.47,2820.36,2878.21,2809.35,1070000000.0000001,0.018799999999999997
2021-01-04,2944.45,2874.5,2946.54,2869.11,1030000000.0,0.024700000000000003
2021-01-05,2990.57,2943.67,2990.57,2921.84,1520000000.0,0.015700000000000002
2021-01-06,2968.21,2993.34,3027.16,2961.37,1790000000.0,-0.0075
2021-01-07,3031.68,2980.75,3055.28,2980.75,1520000000.0,0.021400000000000002
2021-01-08,3152.18,3040.11,3161.11,3040.11,1300000000.0,0.0397
2021-01-11,3148.45,3161.9,3266.23,3096.19,1710000000.0,-0.0012
2021-01-12,3125.95,3145.87,3154.79,3047.56,1390000000.0,-0.0070999999999999995
2021-01-13,3148.29,3128.26,3164.37,3109.63,1580000000.0,0.0070999999999999995
2021-01-14,3149.93,3148.65,3159.03,3128.72,1230000000.0,0.0005
2021-01-15,3085.9,3153.84,3189.9,3085.9,1330000000.0,-0.0203
2021-01-18,3013.93,3079.9,3079.9,3003.89,1470000000.0,-0.0233
2021-01-19,3092.66,3013.05,3107.0,3011.32,1350000000.0,0.026099999999999998
2021-01-20,3114.55,3115.04,3145.01,3077.15,1190000000.0,0.0070999999999999995
2021-01-21,3160.84,3123.27,3163.21,3123.27,1360000000.0,0.0149
2021-01-22,3140.63,3163.83,3185.26,3140.6,1110000000.0,-0.0064
2021-01-25,3208.99,3144.01,3212.22,3142.8,1090000000.0,0.0218
2021-01-26,3140.31,3203.96,3209.18,3132.67,873020000.0,-0.021400000000000002
2021-01-27,3122.56,3143.46,3182.53,3118.89,924580000.0,-0.005699999999999999
2021-01-28,3069.05,3114.98,3114.98,3046.64,1310000000.0,-0.0171
2021-01-29,2976.21,3078.73,3100.22,2962.7,995070000.0,-0.030299999999999997
2021-02-01,3056.53,2976.81,3056.87,2947.24,969260000.0,0.027000000000000003
2021-02-02,3096.81,3065.56,3138.95,3065.56,887310000.0,0.0132
2021-02-03,3129.68,3108.42,3142.26,3091.85,901790000.0,0.0106
2021-02-04,3087.55,3135.02,3135.02,3068.46,1460000000.0,-0.013500000000000002
2021-02-05,3120.63,3098.49,3124.62,3081.78,1190000000.0,0.010700000000000001
2021-02-08,3091.24,3113.63,3128.54,3085.59,1280000000.0,-0.009399999999999999
2021-02-09,3084.67,3102.25,3129.66,3084.67,2150000000.0,-0.0021
2021-02-10,3100.58,3088.13,3111.88,3064.25,2150000000.0,0.0052
2021-02-15,3147.0,3108.7,3156.56,3108.7,1600000000.0,0.015
2021-02-16,3163.25,3151.85,3180.94,3145.84,1940000000.0,0.0052
2021-02-17,3133.73,3162.95,3162.95,3115.48,1780000000.0,-0.009300000000000001
2021-02-18,3086.66,3131.74,3140.4,3086.66,1860000000.0,-0.015
2021-02-19,3107.62,3089.96,3109.67,3040.28,3460000000.0,0.0068000000000000005
2021-02-22,3079.75,3114.03,3142.48,3079.16,1830000000.0,-0.009000000000000001
2021-02-23,3070.09,3069.26,3094.29,3035.46,2360000000.0,-0.0031
2021-02-24,2994.98,3070.58,3092.05,2993.46,1560000000.0,-0.0245
2021-02-25,3099.69,3026.47,3099.8,3026.47,1280000000.0,0.035
2021-02-26,3012.95,3089.49,3089.49,2988.28,1360000000.0,-0.027999999999999997
2021-03-02,3043.87,3021.68,3096.5,3020.74,1750000000.0,0.0103
2021-03-03,3082.99,3041.2,3083.04,3029.37,2240000000.0,0.0129
2021-03-04,3043.49,3076.88,3076.88,3022.54,1280000000.0,-0.0128
2021-03-05,3026.26,3036.16,3036.98,2982.45,1190000000.0,-0.005699999999999999
2021-03-08,2996.11,3031.99,3055.65,2992.64,1930000000.0,-0.01
2021-03-09,2976.12,2989.96,3000.49,2929.36,1530000000.0,-0.0067
2021-03-10,2958.12,2980.76,3013.95,2951.53,905650000.0,-0.006
2021-03-11,3013.7,2964.3,3028.37,2964.3,1350000000.0,0.018799999999999997
2021-03-12,3054.39,3030.73,3061.43,3030.73,1670000000.0,0.013500000000000002
2021-03-15,3045.71,3057.06,3065.17,3036.14,1160000000.0,-0.0028000000000000004
2021-03-16,3067.17,3049.23,3071.54,3049.23,1120000000.0,0.006999999999999999
2021-03-17,3047.5,3067.76,3069.57,3027.2,814990000.0,-0.0064
2021-03-18,3066.01,3054.93,3090.19,3054.93,1230000000.0,0.0060999999999999995
2021-03-19,3039.53,3063.01,3063.01,3022.49,1070000000.0000001,-0.0086
2021-03-22,3035.46,3040.01,3048.11,3019.6,915740000.0,-0.0013
2021-03-23,3004.74,3038.25,3058.79,3003.05,1330000000.0,-0.0101
2021-03-24,2996.35,2996.32,3006.54,2971.04,978430000.0,-0.0028000000000000004
2021-03-25,3008.33,2995.67,3024.63,2987.83,940350000.0,0.004
2021-03-26,3041.01,3012.79,3041.86,3012.79,1040000000.0,0.0109
2021-03-29,3036.04,3047.71,3054.21,3025.39,1290000000.0,-0.0016
2021-03-30,3070.0,3038.44,3074.57,3038.44,1020000000.0,0.011200000000000002
2021-03-31,3061.42,3073.39,3093.89,3061.4,1150000000.0,-0.0028000000000000004
2021-04-01,3087.4,3073.77,3090.88,3069.68,922680000.0,0.0085
2021-04-02,3112.8,3104.72,3121.58,3101.6,792700000.0,0.008199999999999999
2021-04-05,3120.83,3121.23,3127.2,3101.86,1080000000.0,0.0026
2021-04-06,3127.08,3123.8,3139.29,3110.19,1280000000.0,0.002
2021-04-07,3137.41,3129.07,3146.19,3125.33,1980000000.0,0.0033
2021-04-08,3143.26,3137.25,3145.81,3122.09,1360000000.0,0.0019
2021-04-09,3131.88,3146.51,3156.04,3125.24,1820000000.0,-0.0036
2021-04-12,3135.59,3134.88,3147.27,3127.91,1050000000.0,0.0012
2021-04-13,3169.08,3138.21,3173.26,3136.99,1740000000.0,0.010700000000000001
2021-04-14,3182.38,3169.95,3188.32,3162.12,1780000000.0,0.0042
2021-04-15,3194.33,3180.73,3204.48,3178.99,1310000000.0,0.0038
2021-04-16,3198.62,3194.08,3206.76,3185.67,985280000.0,0.0013
2021-04-19,3198.84,3201.11,3214.45,3193.4,1060000000.0,0.0001
2021-04-20,3220.7,3198.31,3220.82,3195.96,1300000000.0,0.0068000000000000005
2021-04-21,3171.66,3214.24,3214.24,3165.49,1770000000.0,-0.0152
2021-04-22,3177.52,3174.52,3196.97,3174.52,1750000000.0,0.0018
2021-04-23,3186.1,3173.47,3188.7,3146.54,2250000000.0,0.0027
2021-04-26,3217.53,3191.34,3217.53,3191.34,1300000000.0,0.009899999999999999
2021-04-27,3215.42,3218.3,3223.05,3203.25,1530000000.0,-0.0007000000000000001
2021-04-28,3181.47,3217.21,3219.69,3176.55,1410000000.0,-0.0106
2021-04-29,3174.07,3184.75,3200.41,3161.06,1220000000.0,-0.0023
2021-04-30,3147.86,3176.43,3179.43,3143.38,1360000000.0,-0.0083
2021-05-03,3127.2,3149.05,3174.26,3120.7,1040000000.0,-0.0066
2021-05-04,3147.37,3131.39,3147.38,3109.78,1280000000.0,0.0064
2021-05-06,3178.74,3147.72,3178.74,3133.64,1240000000.0,0.01
2021-05-07,3197.2,3179.63,3205.11,3179.63,989680000.0,0.0058
2021-05-10,3249.3,3201.46,3255.9,3201.46,1010000000.0,0.0163
2021-05-11,3209.43,3239.92,3239.92,3192.25,1100000000.0,-0.0123
2021-05-12,3161.66,3209.36,3212.83,3138.04,1420000000.0,-0.0149
2021-05-13,3122.11,3146.97,3161.93,3103.88,1100000000.0,-0.0125
2021-05-14,3153.32,3131.35,3162.31,3131.35,836400000.0,0.01
2021-05-17,3134.52,3163.21,3173.01,3121.32,771310000.0,-0.006
2021-05-18,3173.05,3135.38,3176.4,3135.38,786140000.0,0.0123
2021-05-20,3162.28,3174.53,3174.53,3140.48,774250000.0,-0.0034000000000000002
2021-05-21,3156.42,3171.91,3198.01,3149.46,797260000.0,-0.0019
2021-05-24,3144.3,3155.91,3163.27,3137.81,587970000.0,-0.0038
2021-05-25,3171.32,3152.93,3173.1,3148.3,612980000.0,0.0086
2021-05-26,3168.43,3171.91,3183.97,3160.3,1270000000.0,-0.0009
2021-05-27,3165.51,3170.84,3173.86,3142.37,1080000000.0,-0.0009
2021-05-28,3188.73,3172.09,3198.66,3171.85,966370000.0,0.0073
2021-05-31,3203.92,3192.06,3204.29,3179.87,1120000000.0,0.0048
2021-06-01,3221.87,3207.12,3233.17,3199.18,1470000000.0,0.005600000000000001
2021-06-02,3224.23,3224.4,3241.07,3216.1,1500000000.0,0.0007000000000000001
2021-06-03,3247.43,3224.96,3258.5,3224.96,1580000000.0,0.0072
2021-06-04,3240.08,3246.17,3246.19,3218.67,1390000000.0,-0.0023
2021-06-07,3252.12,3244.59,3264.41,3233.4,1730000000.0,0.0037
2021-06-08,3247.83,3251.83,3264.67,3242.56,1950000000.0,-0.0013
2021-06-09,3216.18,3245.08,3246.49,3216.18,1960000000.0,-0.0097
2021-06-10,3224.64,3216.94,3235.39,3210.31,1900000000.0,0.0026
2021-06-11,3249.32,3226.98,3251.58,3226.98,1650000000.0,0.0077
2021-06-14,3252.13,3249.6,3254.49,3238.51,1660000000.0,0.0009
2021-06-15,3258.63,3253.17,3262.8,3247.9,1730000000.0,0.002
2021-06-16,3278.68,3259.06,3281.96,3256.68,2350000000.0,0.0062
2021-06-17,3264.96,3276.2,3276.2,3251.32,1850000000.0,-0.0042
2021-06-18,3267.93,3265.68,3275.76,3262.58,1630000000.0,0.0009
2021-06-21,3240.79,3264.18,3264.18,3225.56,1510000000.0,-0.0083
2021-06-22,3263.88,3245.79,3267.63,3245.79,1670000000.0,0.0070999999999999995
2021-06-23,3276.19,3265.73,3281.88,3263.07,1070000000.0000001,0.0038
2021-06-24,3286.1,3281.47,3292.27,3277.85,1300000000.0,0.003
2021-06-25,3302.84,3289.18,3316.08,3289.18,1200000000.0,0.0051
2021-06-28,3301.89,3305.46,3311.69,3291.3,1430000000.0,-0.0003
2021-06-29,3286.68,3305.26,3305.42,3276.63,1210000000.0,-0.0046
2021-06-30,3296.68,3288.63,3305.73,3288.63,1610000000.0,0.003
2021-07-01,3282.06,3297.92,3300.12,3278.1,1160000000.0,-0.0044
2021-07-02,3281.78,3282.81,3295.68,3278.19,1020000000.0,-0.0001
2021-07-05,3293.21,3285.29,3298.93,3285.29,850410000.0,0.0034999999999999996
2021-07-06,3305.21,3295.44,3313.51,3295.44,1030000000.0,0.0036
2021-07-07,3285.34,3303.59,3303.59,3277.66,1150000000.0,-0.006
2021-07-08,3252.68,3287.68,3295.71,3252.41,1520000000.0,-0.009899999999999999
2021-07-09,3217.95,3245.52,3245.52,3188.8,1310000000.0,-0.010700000000000001
2021-07-12,3246.47,3227.51,3251.45,3227.51,1140000000.0,0.0089
2021-07-13,3271.38,3253.24,3273.9,3253.24,1150000000.0,0.0077
2021-07-14,3264.81,3270.09,3270.09,3250.45,908950000.0,-0.002
2021-07-15,3286.22,3269.33,3286.58,3263.09,1170000000.0,0.0066
2021-07-16,3276.91,3282.89,3282.89,3259.32,1070000000.0000001,-0.0028000000000000004
2021-07-19,3244.04,3258.87,3258.87,3236.39,1100000000.0,-0.01
2021-07-20,3232.7,3223.24,3234.8,3214.42,979670000.0,-0.0034999999999999996
2021-07-21,3215.91,3251.13,3252.25,3215.91,990330000.0,-0.0052
2021-07-22,3250.21,3235.17,3253.75,3235.17,712980000.0,0.010700000000000001
2021-07-23,3254.42,3253.44,3264.01,3246.09,805050000.0,0.0013
2021-07-26,3224.95,3265.99,3265.99,3224.95,826070000.0,-0.0091
2021-07-27,3232.53,3244.43,3252.85,3230.75,991940000.0,0.0024
2021-07-28,3236.86,3226.06,3243.21,3210.9,868600000.0,0.0013
2021-07-29,3242.65,3248.49,3252.26,3232.5,694820000.0,0.0018
2021-07-30,3202.32,3234.37,3234.66,3202.32,687860000.0,-0.0124
2021-08-02,3223.04,3218.42,3223.04,3194.0,561000000.0,0.006500000000000001
2021-08-03,3237.14,3221.57,3237.14,3213.2,653510000.0,0.0044
2021-08-04,3280.38,3246.65,3283.14,3237.55,632240000.0,0.0134
2021-08-05,3276.13,3283.25,3296.17,3273.33,680940000.0,-0.0013
2021-08-06,3270.36,3277.06,3288.17,3261.93,941360000.0,-0.0018
2021-08-09,3260.42,3258.1,3275.15,3251.74,707650000.0,-0.003
2021-08-10,3243.19,3272.44,3272.44,3232.46,730350000.0,-0.0053
2021-08-11,3220.62,3235.36,3250.21,3217.65,618090000.0,-0.006999999999999999
2021-08-12,3208.38,3213.58,3229.59,3202.11,643280000.0,-0.0038
2021-08-13,3171.29,3205.75,3209.72,3146.76,696470000.0,-0.0116
2021-08-17,3143.09,3169.74,3179.49,3134.48,690840000.0,-0.0089
2021-08-18,3158.93,3141.98,3175.88,3124.56,622790000.0,0.005
2021-08-19,3097.83,3140.01,3158.0,3097.83,655630000.0,-0.019299999999999998
2021-08-20,3060.51,3111.1,3122.09,3049.03,672090000.0,-0.012
2021-08-23,3090.21,3086.81,3111.81,3064.65,570980000.0,0.0097
2021-08-24,3138.3,3119.7,3142.58,3115.23,586530000.0,0.015600000000000001
2021-08-25,3146.81,3148.13,3161.0,3124.25,624690000.0,0.0027
2021-08-26,3128.53,3151.3,3159.37,3121.04,727720000.0,-0.0058
2021-08-27,3133.9,3116.29,3143.01,3106.97,520669999.99999994,0.0017000000000000001
2021-08-30,3144.19,3160.87,3164.87,3132.77,602860000.0,0.0033
2021-08-31,3199.27,3144.49,3199.89,3130.3,661220000.0,0.0175
2021-09-01,3207.02,3195.67,3215.13,3185.8,746710000.0,0.0024
2021-09-02,3175.85,3198.03,3204.01,3171.78,757860000.0,-0.0097
2021-09-03,3201.06,3189.71,3203.08,3181.64,641510000.0,0.0079
2021-09-06,3203.33,3196.3,3206.25,3186.79,726190000.0,0.0007000000000000001
2021-09-07,3187.42,3200.07,3201.76,3176.81,760160000.0,-0.005
2021-09-08,3162.99,3178.74,3187.55,3157.07,859890000.0,-0.0077
2021-09-09,3114.7,3146.64,3158.6,3111.49,927370000.0,-0.015300000000000001
2021-09-10,3125.76,3121.09,3131.54,3103.38,723080000.0,0.0036
2021-09-13,3127.86,3117.35,3139.13,3109.01,732270000.0,0.0007000000000000001
2021-09-14,3148.83,3137.32,3164.31,3137.32,713230000.0,0.0067
2021-09-15,3153.4,3147.21,3164.01,3138.8,616560000.0,0.0015
2021-09-16,3130.09,3165.38,3167.68,3126.65,612870000.0,-0.0074
2021-09-17,3140.51,3127.75,3142.13,3112.51,589240000.0,0.0033
2021-09-23,3127.58,3123.64,3131.63,3107.98,623840000.0,-0.0040999999999999995
2021-09-24,3125.24,3140.73,3146.86,3119.4,753220000.0,-0.0007000000000000001
2021-09-27,3133.64,3121.7,3146.35,3119.26,883230000.0,0.0027
2021-09-28,3097.92,3133.4,3134.46,3095.72,894910000.0,-0.011399999999999999
2021-09-29,3060.27,3055.5,3069.04,3030.6,821560000.0,-0.012199999999999999
2021-09-30,3068.82,3054.87,3079.43,3046.43,885820000.0,0.0028000000000000004
2021-10-01,3019.18,3056.21,3062.6,3015.01,855480000.0,-0.016200000000000003
2021-10-05,2962.17,2998.17,2998.17,2940.59,840560000.0,-0.0189
2021-10-06,2908.31,2986.06,2993.47,2908.3,901720000.0,-0.0182
2021-10-07,2959.46,2936.87,2961.53,2927.6,595380000.0,0.0176
2021-10-08,2956.3,2977.82,2978.08,2949.01,668950000.0,-0.0011
2021-10-12,2916.38,2950.22,2950.94,2901.51,660180000.0,-0.013500000000000002
2021-10-13,2944.41,2913.34,2953.33,2909.47,752130000.0,0.0096
2021-10-14,2988.64,2968.87,2988.97,2962.33,617170000.0,0.015
2021-10-15,3015.06,3012.62,3021.9,2999.33,857800000.0,0.0088
2021-10-18,3006.68,3017.48,3021.17,2990.44,926370000.0,-0.0028000000000000004
2021-10-19,3029.04,3022.23,3034.53,3014.19,845700000.0,0.0074
2021-10-20,3013.13,3043.13,3047.24,3012.97,680330000.0,-0.0053
2021-10-21,3007.33,3012.28,3025.88,3002.74,887370000.0,-0.0019
2021-10-22,3006.16,3005.36,3018.7,2996.26,695270000.0,-0.0004
2021-10-25,3020.54,3001.1,3025.27,2983.29,791800000.0,0.0048
2021-10-26,3049.08,3039.82,3051.65,3030.53,564560000.0,0.009399999999999999
2021-10-27,3025.49,3045.83,3049.02,3019.0,607880000.0,-0.0077
2021-10-28,3009.55,3023.17,3034.42,3009.55,617260000.0,-0.0053
2021-10-29,2970.68,3025.67,3030.17,2965.4,545830000.0,-0.0129
2021-11-01,2978.94,2984.18,2991.81,2976.87,475380000.0,0.0028000000000000004
2021-11-02,3013.49,2995.58,3034.3,2995.58,525850000.0,0.0116
2021-11-03,2975.71,3020.36,3020.87,2969.01,658650000.0,-0.0125
2021-11-04,2983.22,3000.92,3011.56,2978.07,772020000.0,0.0025
2021-11-05,2969.27,3003.53,3003.53,2953.96,688030000.0,-0.004699999999999999
2021-11-08,2960.2,2965.36,2968.18,2930.9,560200000.0,-0.0031
2021-11-09,2962.46,2958.15,2987.28,2949.17,708770000.0,0.0008
2021-11-10,2930.17,2947.46,2958.61,2924.36,570930000.0,-0.0109
2021-11-11,2924.92,2911.41,2925.19,2903.72,572860000.0,-0.0018
2021-11-12,2968.8,2945.95,2973.84,2938.27,665730000.0,0.015
2021-11-15,2999.52,2989.68,3003.71,2979.96,639400000.0,0.0103
2021-11-16,2997.21,2995.68,3011.88,2985.34,579650000.0,-0.0008
2021-11-17,2962.42,3004.02,3004.67,2957.7,541490000.0,-0.0116
2021-11-18,2947.38,2959.26,2964.48,2937.53,541650000.0,-0.0051
2021-11-19,2971.02,2951.06,2974.64,2948.07,657090000.0,0.008
2021-11-22,3013.25,2983.38,3018.01,2980.73,530960000.00000006,0.014199999999999999
2021-11-23,2997.33,3013.16,3016.36,2992.14,524230000.0,-0.0053
2021-11-24,2994.29,3006.34,3017.9,2981.02,556640000.0,-0.001
2021-11-25,2980.27,2996.74,2996.74,2973.24,595970000.0,-0.004699999999999999
2021-11-26,2936.44,2973.04,2985.77,2930.31,595600000.0,-0.0147
2021-11-29,2909.32,2906.15,2930.22,2890.78,844400000.0,-0.0092
2021-11-30,2839.01,2932.71,2942.93,2822.73,983560000.0,-0.0242
2021-12-01,2899.72,2860.12,2905.74,2837.03,563930000.0,0.021400000000000002
2021-12-02,2945.27,2874.64,2945.27,2874.64,534460000.00000006,0.015700000000000002
2021-12-03,2968.33,2935.93,2975.44,2927.55,486750000.0,0.0078000000000000005
2021-12-06,2973.25,2954.82,2983.5,2932.49,479910000.0,0.0017000000000000001
2021-12-07,2991.72,2973.84,2992.31,2960.9,541370000.0,0.0062
2021-12-08,3001.8,3017.93,3036.13,2995.34,488250000.0,0.0034000000000000002
2021-12-09,3029.57,3007.0,3029.57,3001.55,513440000.00000006,0.009300000000000001
2021-12-10,3010.23,3008.7,3017.64,2998.29,451600000.0,-0.0064
2021-12-13,3001.66,3019.67,3043.83,3000.51,375830000.0,-0.0028000000000000004
2021-12-14,2987.95,2983.95,3001.7,2976.16,581570000.0,-0.0046
2021-12-15,2989.39,2979.83,2992.3,2973.0,432870000.0,0.0005
2021-12-16,3006.41,3013.26,3018.2,2989.63,402820000.0,0.005699999999999999
2021-12-17,3017.73,2985.2,3017.73,2984.19,451820000.0,0.0038
2021-12-20,2963.0,3001.33,3001.33,2962.07,377580000.0,-0.0181
2021-12-21,2975.03,2981.67,2984.56,2955.9,410980000.0,0.0040999999999999995
2021-12-22,2984.48,2993.5,3000.79,2976.65,461760000.0,0.0032
2021-12-23,2998.17,2998.02,3000.7,2980.91,483840000.0,0.0046
2021-12-24,3012.43,3009.48,3025.77,3009.48,537550000.0,0.0048
2021-12-27,2999.55,3013.94,3017.31,2999.3,475360000.0,-0.0043
2021-12-28,3020.24,3006.77,3020.29,2991.55,607050000.0,0.0069
2021-12-29,2993.29,3002.9,3007.72,2988.67,545830000.0,-0.0089
2021-12-30,2977.65,2999.75,3005.36,2975.74,461040000.0,-0.0052
